"CountryName","public_transport-CountryCode","public_transport-Date","Public Transport","public_transport-PolicyValue","public_transport-Flag","public_transport-Notes","public_transport-region","public_transport-value"
"Aruba","ABW",20201022,"C5: Close public transport",0,NA,"No reported measures of restrictions on public transport.    https://web.archive.org/web/20201101003154/https://www.government.aw/news/news_47033/item/crisis-measures-by-the-government-of-aruba-in-connection-with-coronavirus-covid-19_48509.html#:~:text=Starting%2520September%252018%252C%25202020%252C%2520the,at%2520home%2520are%2520not%2520permitted.","aruba","no measures"
"Afghanistan","AFG",20201109,"C5: Close public transport",0,NA,"No change in previous policy, no restrictions apply.    Official webpage of the Danish embassy in Afghanistan states no specific restrictions due to Covid    https://web.archive.org/web/20201120094201/https://afghanistan.um.dk/en/travel%20and%20residence/nycoronavirus-covid19/","afghanistan","no measures"
"Angola","AGO",20201123,"C5: Close public transport",1,"National","""Urban and interurban public transport from passengers, both public and private, operate with up to 75% of its capacity.""    https://web.archive.org/web/20201202150415/https://governo.gov.ao/fotos/frontend_1/gov_documentos/2020_dri_169__medidas_excepcionais_e_temporarias_3742179835f96a3aa662f8.pdf  (Official decrete regarding Covid-19 restrictions)  ","angola","recommend closing/ significantly reduce volume"
"Albania","ALB",20201127,"C5: Close public transport",0,NA,"No policy change.","albania","no measures"
"Andorra","AND",20201125,"C5: Close public transport",1,"National","No policy change","andorra","recommend closing/ significantly reduce volume"
"United Arab Emirates","ARE",20201125,"C5: Close public transport",0,NA,"UAE reopens malls, public transport in Dubai, including metro, to open soon  https://web.archive.org/web/20201207152447if_/https://www.livemint.com/news/world/uae-reopens-malls-public-transport-in-dubai-including-metro-to-open-soon-11587706078099.html","united arab emirates","no measures"
"Argentina","ARG",20201201,"C5: Close public transport",2,"Regional","Is public transportation operating? Yes.  Limited public transportation within cities with strict limitations is operating.   In the Buenos Aires metropolitan area, only essential workers with a circulation permit may board public transportation. These regulations are likely to remain in place for the duration of the quarantine order. Travelers should expect further travel disruptions with little notice.  Long-haul intercity transportation options are restricted to essential workers as outlined in the national quarantine order as well as those seeking medical treatment.  The Government of Argentina has also indicated that U.S. citizens may use these transportation options to connect with confirmed international departure opportunities from Buenos Aires.  All passengers are required to have a valid Certificado Único de Circulación to travel and should consult transportation provider and local officials regarding travel eligibility and additional requirements.  https://web.archive.org/web/*/https://ar.usembassy.gov/covid-19/","argentina","require closing"
"Australia","AUS",20201028,"C5: Close public transport",1,"Regional","Allowed with restrictions. Public transport facilities are open and people can travel <25km  Entire of Victoria (including Melbourne metropolitan area) is now in stage 3 (reduced restrictions) from 28th October 2020. The next worst region of New South Wales has further relaxed restrictions, so coding based on the stage 3 restrictions as in Victoria   http://web.archive.org/web/20201028213135/https://www.dhhs.vic.gov.au/victorias-restriction-levels-covid-19  https://www.nytimes.com/2020/10/28/world/australia/melbourne-lockdown-ends.html  https://web.archive.org/web/20201027135418/https://www.nsw.gov.au/covid-19/what-you-can-and-cant-do-under-rules ","australia","recommend closing/ significantly reduce volume"
"Austria","AUT",20201124,"C5: Close public transport",1,"National","Public transport is fully functioning, but face mask and min. distance is mandatory. Taxis (and similar services) only 2 people per row. Funiculars etc. are closed.  https://web.archive.org/web/20201130011213/https://www.sozialministerium.at/Informationen-zum-Coronavirus/Coronavirus---Aktuelle-Ma%C3%9Fnahmen.html","austria","recommend closing/ significantly reduce volume"
"Azerbaijan","AZE",20201129,"C5: Close public transport",2,"Regional","No changes found since the last announcements","azerbaijan","require closing"
"Burundi","BDI",20201202,"C5: Close public transport",0,NA,"No policy update detected ","burundi","no measures"
"Belgium","BEL",20201201,"C5: Close public transport",0,NA,"No policy change","belgium","no measures"
"Benin","BEN",20201116,"C5: Close public transport",0,NA,"No policy change","benin","no measures"
"Burkina Faso","BFA",20201117,"C5: Close public transport",0,NA,"No change","burkina faso","no measures"
"Bangladesh","BGD",20201110,"C5: Close public transport",2,"Regional","Targeted: According to the US Embassy Website in Bangladesh as of Nov 11, 2020 https://web.archive.org/web/20201111005505/https://bd.usembassy.gov/covid-19-information/:   ""Currently, only certain sectors located within the Wari jurisdiction of the Dhaka South City Corporation are designated as ‘lockdown/containment’ zones. In these areas, the City Corporations will facilitate emergency response services.    It is important to note GoB officials have confirmed that the list of Red zones does not mean the areas are or will be under lockdown restrictions.    Restrictions on Designated Lockdown/Containment Areas:  - **Transportation will be suspended. Rickshaws, vans, taxis, auto-rickshaws, and private vehicles are not permitted inside the demarcated areas during the 21-day lockdown.**  - No public gatherings of any kind are allowed.  - Pedestrian and vehicular movements controlled through secured entry/exit points.  - Residents should remain within their homes except for emergencies or for essential needs.  - No indoor dining services allowed. Delivery food service options are available.  - Grocery stores and pharmacies will remain open.  - Residents will be allowed to shop in bazaars only when necessary.  - Residents must work from home.  - COVID-19 tests will be available to residents, and home isolation or institutional isolation will be arranged for patients who test positive.  - Shopping malls, gyms, sports complexes and recreation centres will be closed.  - Only people who are ill may go to hospitals.  - Mosques and other places of worship are closed to residents. Only official staff are permitted to enter.  - ATM services will remain open. Banks will operate in a limited capacity.  - Factories in towns will remain closed, but factories and agricultural production-related factories in rural areas can remain operational.  - Agricultural work must be performed under strict health and hygiene regulations.""    This information has not changed as of Nov 18, 2020: https://web.archive.org/web/20201122221519/https://bd.usembassy.gov/covid-19-information/      IN GENERAL: COVID19-related restrictions seem be removed, although with strict adherence to mask wearing.  Dhaka Tribune: ""On October 31, the Cabinet Division sent notices to all public offices of the country, asking them to restrict entry and to refuse service to anyone without a mask. The notice further said masks have been made compulsory for all offices, courts, shopping malls, bazaars, state or government buildings and **social events**.""  source: https://web.archive.org/web/20201122215536/https://www.dhakatribune.com/health/coronavirus/2020/11/02/no-restriction-on-public-movement-to-curb-second-wave-of-covid-19    Nov 12, reuters.com: ""“The decision has been taken considering the second wave... We can’t play with the lives of our children,” said a senior official of the education ministry, who declined to be named. **The government however, has lifted most other restrictions**""  source: https://web.archive.org/web/20201122212335if_/https://www.reuters.com/article/us-health-coronavirus-bangladesh-educati/bangladesh-extends-school-shutdown-over-second-covid-19-wave-idUSKBN27S26A  ","bangladesh","require closing"
"Bulgaria","BGR",20201130,"C5: Close public transport",0,NA,"No policy change    As of 7 December, public transport remains open.    According to order RD-01-675, all persons on public transport (including railways, bus stations, airports, metro stations) must have a protective face mask or other means of covering the nose and mouth (including a towel, scarf, helmet, etc.)     https://web.archive.org/web/20201207051648/https://coronavirus.bg/bg/merki/ogranichitelni-merki","bulgaria","no measures"
"Bahrain","BHR",20201124,"C5: Close public transport",0,NA,"no change. public transports are open  https://web.archive.org/web/20201207161240/https://bh.usembassy.gov/covid-19-information/  ","bahrain","no measures"
"Bosnia and Herzegovina","BIH",20201127,"C5: Close public transport",0,NA,"No policy change.","bosnia and herzegovina","no measures"
"Belarus","BLR",20201128,"C5: Close public transport",0,NA,"No change to policy.  https://web.archive.org/web/20201128122842/https://www.gov.uk/foreign-travel-advice/belarus/coronavirus","belarus","no measures"
"Belize","BLZ",20201128,"C5: Close public transport",1,"National","The Department of Transport advises ALL bus operators and the public that the Minister of Health and Wellness Hon. Michel Chebat has announced a 21-day curfew for the entire country, which will commence on Saturday, 28th November, 2020 from 9:00 p.m. to 5:00 a.m.    Therefore, only those bus operators with a valid Road Service Permit with runs starting from 5:15 a.m. which are to return back to their original point of departure before 8:30 p.m. will be allowed to operate.    Special written permission must be granted by the Department of Transport to those bus operators who will need to operate outside of their normal bus schedule without interfering with the existing bus schedules within non-curfew hours.      https://web.archive.org/web/20201128062025/https://ambergriscaye.com/forum/ubbthreads.php/topics/546512/notice-to-all-bus-operators-on-curfew.html","belize","recommend closing/ significantly reduce volume"
"Bermuda","BMU",20201120,"C5: Close public transport",0,NA,"No policy change.","bermuda","no measures"
"Bolivia","BOL",20201201,"C5: Close public transport",0,NA,"""Public transport is operating, though social distancing and the use of masks in public vehicles places remains obligatory""   http://web.archive.org/web/20201207174911/https://bo.usembassy.gov/covid-19-information/","bolivia","no measures"
"Brazil","BRA",20201202,"C5: Close public transport",1,"Regional","In Fortaleza (CE), the city government has reduced the bus fleet since March. On December 7, a preliminary judicial decision determined that the city’s transportation system should go back to operating at 100% of its bus fleet in 10 days.     Link:   https://web.archive.org/web/20201208042002/https://g1.globo.com/ce/ceara/noticia/2020/12/07/prefeitura-e-etufor-deverao-liberar-100percent-da-frota-de-onibus-na-capital.ghtml  ","brazil","recommend closing/ significantly reduce volume"
"Barbados","BRB",20201130,"C5: Close public transport",1,"National","No change ","barbados","recommend closing/ significantly reduce volume"
"Brunei","BRN",20201201,"C5: Close public transport",0,NA,"No change.  Public transportation operating.  US Embassy Link: http://web.archive.org/web/20201206064005/https://bn.usembassy.gov/u-s-citizen-services-covid-19-information/","brunei","no measures"
"Bhutan","BTN",20201124,"C5: Close public transport",0,NA,"No new data available  ","bhutan","no measures"
"Botswana","BWA",20201130,"C5: Close public transport",0,NA,"No change. public transportation operating? Yes  Masks are required at all times on public transportation. Buses and vans operate at full capacity and do not always follow guidelines, so passengers should exercise extra caution when using public transportation  https://web.archive.org/web/20201206231725/https://bw.usembassy.gov/covid-19-information/","botswana","no measures"
"Central African Rep.","CAF",20201124,"C5: Close public transport",0,NA,"""Is public transportation operating? Yes""  https://web.archive.org/web/20201207183424/https://cf.usembassy.gov/covid-19-information/","central african rep.","no measures"
"Canada","CAN",20201030,"C5: Close public transport",0,NA,"Public transit remains open.","canada","no measures"
"Switzerland","CHE",20201102,"C5: Close public transport",0,NA,"No restrictions found","switzerland","no measures"
"Chile","CHL",20201124,"C5: Close public transport",1,"Regional","Transportation is running on a reduced schedule.  http://web.archive.org/web/*/https://www.gob.cl/coronavirus/plandeaccion/","chile","recommend closing/ significantly reduce volume"
"China","CHN",20201125,"C5: Close public transport",2,"Regional","No policy change in Manzhouli regarding the suspension of public transport.    https://archive.vn/rjloW    A region in DongJiangGang District of Tianjian remained as high-risk area. According to the Ministry of Transportation’s guideline: in high-risk area, number of passengers on public transit should be no more than 4 within a square meter.  Source:  https://web.archive.org/web/20201128013049/https://www.thepaper.cn/newsDetail_forward_10147397  http://web.archive.org/web/20201128015701/http://www.scio.gov.cn/xwfbh/gssxwfbh/xwfbh/tianjin/Document/1693290/1693290.htm  http://web.archive.org/web/20201114080759/http://xxgk.mot.gov.cn/2020/jigou/ysfws/202006/t20200623_3316078.html","china","require closing"
"Côte d'Ivoire","CIV",20201201,"C5: Close public transport",0,NA,"No policy change","côte d'ivoire","no measures"
"Cameroon","CMR",20201124,"C5: Close public transport",0,NA,"  It is mandatory to wear a mask and motorists are not allowed to take more people thank they have seat for. Please see:   https://web.archive.org/web/20201206224307/https://cm.usembassy.gov/covid-19-information/  ","cameroon","no measures"
"Dem. Rep. Congo","COD",20201027,"C5: Close public transport",0,NA,"Everything has been resumed since August in regards to COVID: https://web.archive.org/web/20201021163042/http://stopcoronavirusrdc.info/directives-prises-par-le-gouvernement","dem. rep. congo","no measures"
"Congo","COG",20201130,"C5: Close public transport",0,NA,"One needs to wear a mask while in public transport. Please see: https://web.archive.org/web/20201206213339/https://www.gov.uk/foreign-travel-advice/congo/-coronavirus","congo","no measures"
"Colombia","COL",20201123,"C5: Close public transport",1,"National","The sanitary emergency will extend until February 28, 2021  Most economic activities are now allowed, as are international flights, but face masks are required in public. Concerts and other large events are banned.  https://web.archive.org/web/20201126081754/https://www.reuters.com/article/us-health-coronavirus-colombia-idUSKBN28600T","colombia","recommend closing/ significantly reduce volume"
"Cape Verde","CPV",20201109,"C5: Close public transport",0,NA,"Public transportation in Cabo Verde is operating.    https://web.archive.org/web/20201123155427/https://www.tripsguard.com/destination/cabo-verde/","cape verde","no measures"
"Costa Rica","CRI",20201124,"C5: Close public transport",0,NA,"No updates here as per the Costa Rican Ministry of Health facebook page.    https://web.archive.org/web/20201206060836/https://www.facebook.com/msaludcr/","costa rica","no measures"
"Cuba","CUB",20201106,"C5: Close public transport",1,"Regional","Public transportation is limited in La Habana and strict sanitary measures must be followed by passengers. Source: https://web.archive.org/web/20201115151533/https://www.infobae.com/america/agencias/2020/10/12/cuba-acumula-6000-positivos-de-covid-19-al-inicio-de-la-nueva-normalidad/","cuba","recommend closing/ significantly reduce volume"
"Cyprus","CYP",20201130,"C5: Close public transport",1,"National","No change in policy.    As of November 17, incoming commercial flights to Ercan Airport remain limited to two per day. Face coverings are required on all public transport.    https://web.archive.org/web/20201202164213/https://cy.usembassy.gov/covid-19-information/","cyprus","recommend closing/ significantly reduce volume"
"Czech Republic","CZE",20201021,"C5: Close public transport",0,NA,"No measures included in announcements  https://web.archive.org/web/20201028085910/https://www.vlada.cz/en/media-centrum/aktualne/measures-adopted-by-the-czech-government-against-coronavirus-180545/","czech republic","no measures"
"Germany","DEU",20201130,"C5: Close public transport",1,"National","The federal and state governments call for unnecessary travel to be avoided in general. This also includes unnecessary journeys in public transport. Please wear an everyday mask on the S-Bahn and trains, in the train station, on the platform and at the stops as well as on the airport premises and on the plane. The minimum distance of 1.5 meters to travelers and staff should always be observed. Deutsche Bahn provides many tips on safe travel on its website. Unnecessary queues, e.g. B. in front of the on-board toilet can be avoided. The respective national hygiene regulations apply when getting on and off and at the airports. In general, please adhere to the rules of conduct that are summarized in the AHA formula (distance, hygiene rules, everyday mask). In this way, everyone can make a contribution while traveling to contain the spread of the new type of coronavirus. This formula is supplemented by A for app (the Corona warning app helps to break chains of infection) and L for ventilation.  https://web.archive.org/web/20201207220918/https://www.zusammengegencorona.de/informieren/alltag-gestalten/","germany","recommend closing/ significantly reduce volume"
"Djibouti","DJI",20201122,"C5: Close public transport",0,NA,"Is public transportation operating? Yes.    https://web.archive.org/web/20201126110524/https://dj.usembassy.gov/covid-19-information/","djibouti","no measures"
"Dominica","DMA",20201201,"C5: Close public transport",0,NA,"""Is public transportation operating? Yes  Passengers and driver must wear a mask inside the vehicle at all times.  The number of passengers will be limited to 70% capacity to allow for physical distancing.""    https://web.archive.org/web/20201201010524/https://bb.usembassy.gov/u-s-citizen-services/covid-19-information/   https://web.archive.org/web/20201206000543/https://discoverdominica.com/en/travel-advisory-for-dominica","dominica","no measures"
"Denmark","DNK",20201124,"C5: Close public transport",0,NA,"Public transport is open but with mask-wearing and social distancing requirements.    http://web-old.archive.org/web/20201124073155/https://coronasmitte.dk/overblik","denmark","no measures"
"Dominican Republic","DOM",20201117,"C5: Close public transport",1,"National","No policy change","dominican republic","recommend closing/ significantly reduce volume"
"Algeria","DZA",20201130,"C5: Close public transport",2,"Regional","A curfew is in effect in 29 of Algeria’s 48 provinces, including in Algiers, where the curfew is from 11 pm to 6 am. The other provinces covered by the curfew are:  Boumerdes, Souk Ahras, Tissemsilt, Djelfa, Mascara, Oum El Bouaghi, Batna, Bouira, Relizane, Biskra, Khenchela, M’sila, Chlef, Sidi Bel Abbes, Médéa, Blida, Bordj Bou Arreridj, Tipaza, Ouargla, Bechar, Constantine, Oran, Sétif, Annaba, Bejaia, Adrar, Laghouat, El Oued.  Curfews are constantly being reviewed and revised and the curfew may be more restrictive in certain provinces or in certain areas of the provinces above for short periods of time as the health situation develops. Public transport is disrupted in these areas.    https://web.archive.org/web/20201207113108/https://dz.usembassy.gov/covid-19-information/","algeria","require closing"
"Ecuador","ECU",20201029,"C5: Close public transport",0,NA,"No restrictions: /web/20201109192911/https://ec.usembassy.gov/covid-19-information-ecu-2/","ecuador","no measures"
"Egypt","EGY",20201122,"C5: Close public transport",0,NA,"Is public transportation operating? Yes  Masks are required","egypt","no measures"
"Eritrea","ERI",20201116,"C5: Close public transport",2,"National","No change. Public Transportation has stopped services until further notice and most private cars are banned from the road. Urgent travel by car requires a permit. People are free to travel by foot or by bicycle. Source: https://web.archive.org/web/20201115141839/https://er.usembassy.gov/covid-19-information/   unchanged since Sept. 9th 2020","eritrea","require closing"
"Spain","ESP",20201130,"C5: Close public transport",0,NA,"no change in policy","spain","no measures"
"Estonia","EST",20201024,"C5: Close public transport",0,NA,"No restrictions: /web/20201102191805/https://www.visitestonia.com/en/why-estonia/coronavirus-and-travelling-to-estonia","estonia","no measures"
"Ethiopia","ETH",20201129,"C5: Close public transport",1,"National","No policy change identified following a review of previously used sources and a recent web search.","ethiopia","recommend closing/ significantly reduce volume"
"Finland","FIN",20201128,"C5: Close public transport",0,NA,"Citizens should avoid non-essential travel on public transport at peak hours, so that those who have to travel can do so safely. Walking and cycling are encouraged as an alternative. Passengers are also encouraged to wear face masks when taking public transportation. Source:   https://web.archive.org/web/20201130234404/https://www.hel.fi/helsinki/coronavirus-en/traffic  ","finland","no measures"
"Fiji","FJI",20201124,"C5: Close public transport",0,NA,"normally operating but customers encouraged to use covid-19 precautions. https://web.archive.org/web/20201130163301/https://www.fijivillage.com/news/People-urged-to-practice-physical-distancing-in-public-transport-fr8x45/","fiji","no measures"
"France","FRA",20201124,"C5: Close public transport",0,NA,"No change in policy","france","no measures"
"Faeroe Islands","FRO",20200514,"C5: Close public transport",0,NA,"SSL buses will now resume their normal schedule on all routes, with no requirement for prior booking. Some restrictions will still apply. A maximum of 22 passengers can travel with the larger buses, 10 with the medium size buses and 5 with people with the small buses.    https://web.archive.org/web/20201208121019/https://corona.fo/news/431/reopening-faroese-society-phase-3?_l=en","faeroe islands","no measures"
"Gabon","GAB",20201124,"C5: Close public transport",0,NA,"No new update","gabon","no measures"
"United Kingdom","GBR",20201203,"C5: Close public transport",1,"National","It is still advised to limit travel on public transport.     http://web.archive.org/web/20201207234123/https://www.gov.uk/guidance/tier-3-very-high-alert?priority-taxon=774cee22-d896-44c1-a611-e3109cce8eae","united kingdom","recommend closing/ significantly reduce volume"
"Georgia","GEO",20201201,"C5: Close public transport",2,"Regional","Public transportation is not operating between 9 PM and 5 AM. Only the transport in light vehicles (including taxis) is permitted. Taxis are limited to three people in the vehicle (a driver and two backseat passengers). In major cities, municipal transport is suspended.  Link: https://archive.fo/wip/LILgr and https://archive.fo/rII13 ","georgia","require closing"
"Ghana","GHA",20201124,"C5: Close public transport",0,NA,"No policy change","ghana","no measures"
"Guinea","GIN",20201123,"C5: Close public transport",0,NA,"No public transportation in Guinea","guinea","no measures"
"Gambia","GMB",20201124,"C5: Close public transport",0,NA,"No changes  https://web.archive.org/save/https://gm.usembassy.gov/u-s-citizen-services/covid-19-information/?_ga=2.222803228.685612913.1606144271-1301692634.1606144271","gambia","no measures"
"Greece","GRC",20201201,"C5: Close public transport",1,"National","No change in policy.","greece","recommend closing/ significantly reduce volume"
"Greenland","GRL",20201029,"C5: Close public transport",0,NA,"A regular public transport service remains in place. Source: http://web.archive.org/web/20201108223135/http://bus.gl/wp-content/uploads/2020/10/koreplaner-19102020Koreplan-samlet-HVERDAGE.pdf","greenland","no measures"
"Guatemala","GTM",20201129,"C5: Close public transport",1,"National","No policy change.    https://web.archive.org/web/20201205084005/https://www.gov.uk/foreign-travel-advice/guatemala/coronavirus","guatemala","recommend closing/ significantly reduce volume"
"Guam","GUM",20201123,"C5: Close public transport",0,NA,"No new update.","guam","no measures"
"Guyana","GUY",20201201,"C5: Close public transport",1,"National","No updates:  https://web.archive.org/web/20201206192027/https://officialgazette.gov.gy/images/gazette2020/nov/Extra_30NOV2020.pdf","guyana","recommend closing/ significantly reduce volume"
"Hong Kong","HKG",20201202,"C5: Close public transport",1,"National","To contain the outbreak of the Coronavirus, a few train stations and bus routes are closed or adjusted.  Source:   http://web.archive.org/web/20201205082117/https://www.td.gov.hk/en/special_news/spnews.htm","hong kong","recommend closing/ significantly reduce volume"
"Honduras","HND",20201115,"C5: Close public transport",2,"National","No policy change.  http://web.archive.org/web/20201206092842/https://www.sica.int/coronavirus/observatorioSICACOVID19/medidas/honduras","honduras","require closing"
"Croatia","HRV",20201129,"C5: Close public transport",0,NA,"No change found. ","croatia","no measures"
"Haiti","HTI",20201124,"C5: Close public transport",0,NA,"No policy change.","haiti","no measures"
"Hungary","HUN",20201123,"C5: Close public transport",1,"National","Public transport is running. Masks must be worn when using public transport.  Source: http://web.archive.org/web/20201130162450/https://hu.usembassy.gov/covid-19/","hungary","recommend closing/ significantly reduce volume"
"Indonesia","IDN",20201119,"C5: Close public transport",1,"Regional","""While the government has lifted most restrictions regarding transit and daily activity, measures remain in place limiting large-scale gatherings and non-essential travel. Schools and large public gathering areas also remain closed, however **public transit and access to essential services including grocery stores is widely available.**""    ""Is public transportation operating? Yes  Individuals utilizing public transmit must comply with large-scale social distancing policies which includes the mandatory use of face masks and maintaining appropriate physical separation.""    https://web.archive.org/web/20201206224550/https://id.usembassy.gov/u-s-citizen-services/covid-19-information/","indonesia","recommend closing/ significantly reduce volume"
"India","IND",20200826,"C5: Close public transport",1,"National","“Limited train services have resumed.” “Limited inter-state movements of passenger vehicles and buses is now permitted this will vary from state to state within India.” Source: https://web.archive.org/web/20200905142508/https://www.gov.uk/foreign-travel-advice/india/coronavirus  Metro rail remains closed, but “will be allowed to operate with effect from 7th September 2020 in a graded manner, by the Ministry of Housing and Urban Affairs (MOHUA)/ Ministry of Railways (MOR), in consultation with MHA. In this regard, SOP will be issued by MOHUA.” Source: http://web.archive.org/web/20200903144355/https://cdnbbsr.s3waas.gov.in/s3850af92f8d9903e7a4e0559a98ecc857/uploads/2020/08/2020082958.pdf","india","recommend closing/ significantly reduce volume"
"Ireland","IRL",20201124,"C5: Close public transport",1,"National","Public transit remains operational at 25% capacity.  https://web.archive.org/web/20201201204457/https://www.gov.ie/en/publication/2dc71-level-5/","ireland","recommend closing/ significantly reduce volume"
"Iran","IRN",20201203,"C5: Close public transport",1,"National","no change since last update     https://web.archive.org/web/20201202120136/https://www.arabnews.com/node/1756581/middle-east    JEDDAH:: Mosques, schools, universities, beauty salons, cafes, gyms, museums, theaters and swimming pools in 25 of Iran’s 31 provinces were ordered to close for 10 days from next Wednesday.    In Tehran, the closure of beauty salons, teahouses, cinemas, libraries and fitness clubs has been extended for a week.     Police will make unannounced visits to other high-risk businesses, and any found to be breaking health rules will be shut down. Weddings, funeral gatherings and conferences in the capital have been banned.  ","iran","recommend closing/ significantly reduce volume"
"Iraq","IRQ",20201124,"C5: Close public transport",1,"National","No change:  https://web.archive.org/web/20201207205146/https://iq.usembassy.gov/covid-19-information/","iraq","recommend closing/ significantly reduce volume"
"Iceland","ISL",20201130,"C5: Close public transport",0,NA,"No policy change","iceland","no measures"
"Israel","ISR",20201203,"C5: Close public transport",2,"Regional","The Minister of Health approved the following designations for restricted areas:  1. Designating Shefa-Amr as a restricted area for four days, effective tomorrow, 3.12.2020 at 17:00 until Monday 7.12.2020 at 17:00.   2. Extending Yafi and Umm al-Fahm's designation as restricted areas for three additional days, until Sunday, 6.12.2020 at 17:00.  3. Revoking Arraba's designation as a restricted area   It is forbidden to exit home except for special circumstances.    Source:  https://web.archive.org/web/20201207145712/https://www.gov.il/en/departments/news/02122020-01  https://web.archive.org/web/20201207144925/https://www.gov.il/en/departments/guides/ramzor-cites-guidelines?chapterIndex=4","israel","require closing"
"Italy","ITA",20201126,"C5: Close public transport",1,"National","no change in policy, transport reduced to 50% since November 6th https://web.archive.org/web/20201207151225/https://www.today.it/attualita/sui-mezzi-del-trasporto-pubblico-capienza-ridotta-del-50.html","italy","recommend closing/ significantly reduce volume"
"Jamaica","JAM",20201110,"C5: Close public transport",1,"National","No update: https://archive.vn/5100y","jamaica","recommend closing/ significantly reduce volume"
"Jordan","JOR",20201124,"C5: Close public transport",1,"National","No updates  https://web.archive.org/web/20201208002726/https://jo.usembassy.gov/covid-19-information/","jordan","recommend closing/ significantly reduce volume"
"Japan","JPN",20201201,"C5: Close public transport",1,"National","""Under the current border control policy, all travelers from abroad, Japanese or foreign, are asked not to use public transportation for the entirety of their two-week quarantine period, including immediately after arrival, due to the risk of spreading the virus.  ...  In an apparent compromise meant to ease rules on public transportation, the government is now reportedly considering whether to allow travelers to use trains to depart airports after all — on condition that they will be segregated into cars set aside exclusively for them, according to the Nikkei business daily.    The transport ministry is also now arranging for Airport Transport Service Co. to run shuttle buses from Narita and Haneda airports to some 12 hotels within Tokyo to relieve travelers of expensive taxi fares, ministry official Keita Yamamoto said. If all goes well, the service is set to start on Dec. 16, according to the airport bus operator.""    https://web.archive.org/web/20201207075227/https://www.japantimes.co.jp/news/2020/12/07/national/inbound-travelers-japan-public-transit/","japan","recommend closing/ significantly reduce volume"
"Kazakhstan","KAZ",20201129,"C5: Close public transport",1,"Regional","The Kostanay region extended quarantine measures until December 7.   Public transport does not operate during weekends and holidays.   Link: https://archive.vn/qm8Mf   ","kazakhstan","recommend closing/ significantly reduce volume"
"Kenya","KEN",20201201,"C5: Close public transport",1,"National","No change.  Public transport is operational. Users must wear masks and social distancing requirements in the form of capacity restrictions are in place.  Source: https://web.archive.org/web/20201207144926/https://www.gov.uk/foreign-travel-advice/kenya/coronavirus","kenya","recommend closing/ significantly reduce volume"
"Kyrgyzstan","KGZ",20201129,"C5: Close public transport",0,NA,"No changes found since last announcements.","kyrgyzstan","no measures"
"Cambodia","KHM",20201025,"C5: Close public transport",0,NA,"No policy changes.     https://web.archive.org/web/20201109094433/https://www.gov.uk/foreign-travel-advice/cambodia/coronavirus","cambodia","no measures"
"South Korea","KOR",20201208,"C5: Close public transport",2,"Regional","From December 8th, evening subway services will be reduced to 70 percent after 9pm daily.     https://archive.vn/pNnW0","south korea","require closing"
"Kuwait","KWT",20201201,"C5: Close public transport",1,"National","No change:  https://web.archive.org/web/20201207202816/https://kw.usembassy.gov/covid-19-information/","kuwait","recommend closing/ significantly reduce volume"
"Laos","LAO",20201130,"C5: Close public transport",0,NA,"Public transportation has resumed operation. Restaurants, grocery stores, and schools/universities are open, and large gatherings and religious ceremonies are permitted. Entertainment venues such as karaoke lounges are opened.    http://web.archive.org/web/20201129203136/https://la.usembassy.gov/covid-19-information/","laos","no measures"
"Lebanon","LBN",20201130,"C5: Close public transport",2,"National","No policy change found.  ","lebanon","require closing"
"Liberia","LBR",20201019,"C5: Close public transport",1,"National","On 28 October 2020, there is no record of changes to any current policies on the Executive Mansion or Ministry of Health sites.  On 27 October 2020, Health Minister, Dr. Wilhelmina Jallah, indicated that people should continue to follow all health protocols prescribed by the World Health Organization (WHO) and health authorities in Liberia.    https://web.archive.org/web/20201029060315/https://moh.gov.lr/press-release/2020/moh-receives-15-ambulances-from-world-bank-to-fight-covid-19/","liberia","recommend closing/ significantly reduce volume"
"Libya","LBY",20201116,"C5: Close public transport",2,"National","Travel between cities in western Libya, the use of public transportation, social gatherings, and the operation of nonessential businesses remain prohibited until further notice  https://web.archive.org/web/20201201053526/https://www.worldaware.com/warning-alert-authorities-libya-maintaining-varied-levels-covid-19-related-restrictions  ","libya","require closing"
"Sri Lanka","LKA",20201102,"C5: Close public transport",0,NA,"source: https://web.archive.org/web/20201115211023/https://www.newsfirst.lk/2020/11/10/public-transport-services-operate-despite-low-passenger-numbers/    Public transportation was operating within the country, except for ""isolated"" regions.  ""all buses were prepared for operation, however, only 10% was added to service due to low passenger numbers""  ""Deputy General Manager of the Sri Lanka Transport Board A. H. Panduka said more than 2300 SLTB buses were deployed for operations, however, these buses did not operate inside isolated areas.""  ""Railways Superintendent W. D. R. Pathmalal said Sri Lanka Railways was able to operate all 136 Train Operations on Monday (09) for the benefit of the general public.""  ""Ascertain areas in Panadura are in lock-down, 12 new train operations will be introduced to transport passengers between Fort and Panadura""","sri lanka","no measures"
"Lesotho","LSO",20201118,"C5: Close public transport",0,NA,"No change","lesotho","no measures"
"Lithuania","LTU",20201107,"C5: Close public transport",0,NA,"Lithuania’s government on Wednesday declared a three-week lockdown starting on Nov.7 (extended end of November), to slow the spread of the novel coronavirus which has accelerated in recent weeks in the Baltic nation.    ""Passengers travelling by public transport (city, long-distance and suburban) will be required to travel seated maintaining the distance of at least one meter between each other.""    No other measures to be found on the official websites of the government which is why I keep the level at 0    https://web.archive.org/web/20201202092539/https://koronastop.lrv.lt/en/news/covid-19-related-restrictions-updated-on-25-november-2020","lithuania","no measures"
"Luxembourg","LUX",20201124,"C5: Close public transport",0,NA,"No change: https://web.archive.org/web/20201130204222/https://covid19.public.lu/en/sanitary-measures/public-transport.html","luxembourg","no measures"
"Latvia","LVA",20201207,"C5: Close public transport",0,NA,"No closure measures. That being said:  From 7 December, in order to protect people in public transport, the number of passengers must not exceed 50% of the vehicle's capacity. If it is not possible to control the embarkation and disembarkation of passengers, the vehicle must be provided with instructions on the use of seats to ensure physical distancing. In public transport, face masks must be worn by both the driver and passengers, including children from the age of 7.  http://web.archive.org/web/20201207030317/https://mk.gov.lv/en/aktualitates/emergency-situation-has-been-extended-until-11-january-introducing-stricter-safety  ","latvia","no measures"
"Macao","MAC",20200928,"C5: Close public transport",0,NA,"No change ","macao","no measures"
"Morocco","MAR",20201122,"C5: Close public transport",1,"National","Note: To travel between cities on public transportation, travelers must obtain authorization from the local authorities. Masks are required on all public transportation.","morocco","recommend closing/ significantly reduce volume"
"Monaco","MCO",20200511,"C5: Close public transport",1,"National","In phase 2 reopening, the public transport policy remains the same.    http://web.archive.org/web/20201208140324/https://en.gouv.mc/Policy-Practice/Coronavirus-Covid-2019/Actualites/Lifting-the-lockdown-in-the-Principality-step-by-step      ","monaco","recommend closing/ significantly reduce volume"
"Moldova","MDA",20201130,"C5: Close public transport",0,NA,"The National Extraordinary Public Health Commission (CNESP) has ruled to establish emergency state in the public health sector all over Moldova on the period 30 November 2020 – 15 January 2021:  At the same time, the timetable of travel of the public transport, including the number of transport units, will be adjusted according to the needs in the peak hours.  Drivers, taxators and passengers will be obliged to wear protective masks during the travel.      https://web.archive.org/web/20201205215306/https://gov.md/en/content/national-extraordinary-public-health-commission-declares-state-emergency-public-health-all   https://web.archive.org/web/20201205214717/https://md.usembassy.gov/u-s-citizen-services/covid-19-information/","moldova","no measures"
"Madagascar","MDG",20201129,"C5: Close public transport",0,NA,"No change.   Is public transportation operating? Yes. Hand gel is provided. Passengers, drivers, and assistants all must wear masks.  https://web.archive.org/web/20201206220739/https://mg.usembassy.gov/u-s-citizen-services/security-and-travel-information/covid-19-information/","madagascar","no measures"
"Mexico","MEX",20201009,"C5: Close public transport",1,"National","Mexico has implemented a color-coded system and some states are in complete lockdown while others have lifted stay at home orders and resumed some transportation and business operations. http://web.archive.org/web/20200927195013/https://mx.usembassy.gov/u-s-citizen-services/covid-19-information/  The official recommendation from Secretaría de Comunicación y Transportes is to reduce the occupancy in 50% as detailed in this document: http://web.archive.org/web/20201113171833/https://imt.mx/images/files/GRAL/guia-rapida-transporte-publico.pdf","mexico","recommend closing/ significantly reduce volume"
"Mali","MLI",20200915,"C5: Close public transport",0,NA,"No restrictions  https://web.archive.org/web/20200924144234/https://ml.usembassy.gov/covid-19-information/","mali","no measures"
"Myanmar","MMR",20201201,"C5: Close public transport",1,"Regional","No change","myanmar","recommend closing/ significantly reduce volume"
"Mongolia","MNG",20201112,"C5: Close public transport",1,"Regional","Public transportation’s operating hours in Ulaanbaatar remain restricted: 0600 – 1000 and 1700 – 2100.    https://archive.vn/gQ3kv","mongolia","recommend closing/ significantly reduce volume"
"Mozambique","MOZ",20201117,"C5: Close public transport",1,"National","Under the new guidelines governing public transport, operators are required to decontaminate surfaces and to enforce the wearing of face masks for passengers. Buses are only allowed to carry a few people to achieve social distancing.    Link: https://web.archive.org/web/20201124013816/https://www.africanews.com/2020/11/17/mozambique-has-covid-19-under-control-who/","mozambique","recommend closing/ significantly reduce volume"
"Mauritania","MRT",20201122,"C5: Close public transport",0,NA,"No policy change","mauritania","no measures"
"Mauritius","MUS",20201129,"C5: Close public transport",0,NA,"No policy change","mauritius","no measures"
"Malawi","MWI",20201108,"C5: Close public transport",0,NA,"No policy change - no official changes or news were found.","malawi","no measures"
"Malaysia","MYS",20201110,"C5: Close public transport",1,"Regional","  All public transports are still allowed to operate. E-hailing and taxis can only carry two passengers in each car. Food deliveries are allowed from 6am to 12am.    However, the frequency of LRT, MRT and monorail trains will be reduced from Monday (Oct 26) until enforcement of the conditional movement control order (MCO) in Selangor, Kuala Lumpur and Putrajaya is lifted (currently the estimation is to end on 6 Dec).    https://archive.vn/ZnPz7    https://archive.vn/Eu1LM","malaysia","recommend closing/ significantly reduce volume"
"Namibia","NAM",20201209,"C5: Close public transport",1,"National","Government Notice No. 309 of 1 December 2020 (https://web.archive.org/save/https://mhss.gov.na/documents/119527/807189/%237404-Gov+N309.pdf/64204cca-544c-4af0-ad05-e89eb6808254) did not change Regulation 10 of Government Notice No. 256 of 21 October 2020 (https://web.archive.org/save/https://aviation.wfscorp.com/sites/default/files/2020-11/Namibia%20Government%20Gazette%20N256%20Amended%20COVID19%20General%20Regulations%20Public%20and%20Environmental%20Health%20Act%20of%2021%20October%202020.pdf) which sets out public transport requirements    https://web.archive.org/save/https://mhss.gov.na/covid-19-regulations-documents","namibia","recommend closing/ significantly reduce volume"
"Niger","NER",20201130,"C5: Close public transport",0,NA,"It is required to wear a mask while taking public transport. Please see: https://web.archive.org/web/20201206204921/https://ne.usembassy.gov/u-s-citizen-services/covid-19-information/","niger","no measures"
"Nigeria","NGA",20201124,"C5: Close public transport",0,NA,"No new update","nigeria","no measures"
"Nicaragua","NIC",20201129,"C5: Close public transport",0,NA,"No policy change.    https://web.archive.org/web/20201205093541/https://www.gov.uk/foreign-travel-advice/nicaragua/coronavirus","nicaragua","no measures"
"Netherlands","NLD",20201122,"C5: Close public transport",0,NA,"""Is public transportation operating? YES   Non-surgical face masks are mandatory on public transport including trains, trams, buses, taxis, and passenger vans.  An advance reservation and completion of a health questionnaire are required for taxis and passenger vans.  On all other types of transport (such as canal/river boats) passengers must maintain 1.5-meter distance.""    https://web.archive.org/web/*/https://nl.usembassy.gov/covid-19-information-3/  https://web.archive.org/web/20201130214530/https://www.rijksoverheid.nl/onderwerpen/coronavirus-covid-19/vraag-en-antwoord/persconferentie-coronavirus-17-november-in-eenvoudige-taal","netherlands","no measures"
"Norway","NOR",20201127,"C5: Close public transport",0,NA,"No change","norway","no measures"
"Nepal","NPL",20201122,"C5: Close public transport",1,"National","Old one - Public transportation, including taxis and buses, and some long distance buses, may operate at  50% occupancy  Masks are required when outdoors, including while on public transport and  taxis    https://web.archive.org/web/20201020230202/https://np.usembassy.gov/covid-19-information-2/","nepal","recommend closing/ significantly reduce volume"
"New Zealand","NZL",20201119,"C5: Close public transport",0,NA,"No policy change    As of 30 November, all of New Zealand remains at Alert Level 1.  Public transport remains open. Individuals are encouraged to use face coverings on public transport. Public transport operators legally must display QR code posters.    http://web.archive.org/web/20201129203310/https://covid19.govt.nz/travel-and-the-border/travel-within-new-zealand/local-travel/","new zealand","no measures"
"Oman","OMN",20201117,"C5: Close public transport",0,NA,"No new changes reported between 17th Nov and 30th Nov  Link - https://web.archive.org/web/20201124060648/https://www.omanobserver.om/category/coronavirus/  https://web.archive.org/web/20201130162123/https://gulfnews.com/world/gulf/oman","oman","no measures"
"Pakistan","PAK",20201117,"C5: Close public transport",0,NA,"Transportation Options:    Are commercial flights operating? [Yes]  Is public transportation operating? [Yes]  According to the Government of Pakistan, individuals using public transportation – trains or buses – should wear facemasks and keep a distance of at least six feet from other individuals.    Source: https://web.archive.org/web/20201129214352/https://pk.usembassy.gov/covid-19-information/","pakistan","no measures"
"Panama","PAN",20201119,"C5: Close public transport",0,NA,"Remains open  https://web.archive.org/web/20201130142049/https://pa.usembassy.gov/covid-19-information/","panama","no measures"
"Peru","PER",20201117,"C5: Close public transport",1,"National","Public transportation by motor vehicle being limited to one person less than the maximum number of persons allowed to be carried under the relevant license will remain in effect until November 30, 2020.   /web/20201130213708/https://opm.gov.jm/news/extension-of-measures-under-the-disaster-risk-management-act/","peru","recommend closing/ significantly reduce volume"
"Philippines","PHL",20201130,"C5: Close public transport",2,"Regional","No policy changes. ","philippines","require closing"
"Papua New Guinea","PNG",20201110,"C5: Close public transport",0,NA,"Policy remains same where Public Transport is open however driver and all passengers are required to wear mask at all the times  Refer to: https://web.archive.org/web/20201006130508/https://covid19.info.gov.pg/files/National%20Pandemic%20Measures/Pandemic%20Measures%2005102020/M%2011%20Oct%202020.pdf","papua new guinea","no measures"
"Poland","POL",20201103,"C5: Close public transport",1,"National","A limited number of people can travel by public transport.  https://web.archive.org/web/20201104172405/https://www.gov.pl/web/koronawirus/aktualne-zasady-i-ograniczenia","poland","recommend closing/ significantly reduce volume"
"Puerto Rico","PRI",20201201,"C5: Close public transport",1,"Regional","Ferry services in some parts of the Territory are available to residents only.  https://web.archive.org/web/20201206022456/https://www.discoverpuertorico.com/info/travel-guidelines","puerto rico","recommend closing/ significantly reduce volume"
"Portugal","PRT",20201124,"C5: Close public transport",1,"National","No policy change.    Link: https://web.archive.org/web/20201205203200/https://pt.usembassy.gov/covid-19-information/","portugal","recommend closing/ significantly reduce volume"
"Paraguay","PRY",20201114,"C5: Close public transport",0,NA,"No policy change.    Source: https://archive.vn/XDxwF","paraguay","no measures"
"Palestine","PSE",20201111,"C5: Close public transport",1,"Regional","No reports found so far of changes in policy since 10 November and previous coding value of 1T.","palestine","recommend closing/ significantly reduce volume"
"Qatar","QAT",20201124,"C5: Close public transport",1,"National","estricted stations to open.  • Restricted capacity of up to 30% based on calculation of at least 9m2 per person.  • 1.5m physical distance between passengers and staff at all times, and in all areas (including transit and waiting areas). If necessary, block seats to ensure this precaution is complied with.  • Seats near the driver are to be blocked off for the safety of operators and passengers.  https://web.archive.org/web/20201208001332/https://covid19.moph.gov.qa/EN/Documents/PDFs/ENG%20PHASE%20IV.pdf","qatar","recommend closing/ significantly reduce volume"
"Romania","ROU",20201206,"C5: Close public transport",0,NA,"According to the Decision 52/5.11.2020 of The National Emergency Committee, it is in place the obligation to wear a protective mask, to cover the nose and mouth, for all persons who have reached the age of 5, in all open and closed public spaces. Also, to avoid the congestion of public transport, it is proposed to all public institutions and all economic operators to organize work schedule (where telework is not possible) into at least two groups to start/finish the activity at a difference of at least two hours.  Link: https://web.archive.org/web/20201120195835/https://s.iw.ro/gateway/g/ZmlsZVNvdXJjZT1odHRwJTNBJTJGJTJG/c3RvcmFnZTA2dHJhbnNjb2Rlci5yY3Mt/cmRzLnJvJTJGc3RvcmFnZSUyRjIwMjAl/MkYxMSUyRjA2JTJGMTI0ODQ3NV8xMjQ4/NDc1X0hvdGFyYXJlLUNOU1UtNTItZGlu/LTA1XzExXzIwMjAtdjE5LTEucGRmJmhh/c2g9NjkxN2E0NDIwOTQ4MGQ1NjJiYzMxZmNjYjczZjY2NjI=.pdf ","romania","no measures"
"Russia","RUS",20201201,"C5: Close public transport",0,NA,"No change in policy.    https://web.archive.org/web/20201205204726/https://ru.usembassy.gov/covid-19-information/  https://web.archive.org/web/20201205205720/https://www.themoscowtimes.com/2020/12/05/coronavirus-in-russia-the-latest-news-dec-5-a69117","russia","no measures"
"Rwanda","RWA",20201125,"C5: Close public transport",0,NA,"The Kigali International Airport is open with limited scheduled flights.  – Some travelers report difficulties in international travel en route to or departing Rwanda.  – Land borders remain closed.  – Public transportation, including motorcycle taxis, is available.  Social distancing is required on buses, and masks are required.    https://web.archive.org/save/https://rw.usembassy.gov/health-alert-covid-19-information/","rwanda","no measures"
"Saudi Arabia","SAU",20201030,"C5: Close public transport",0,NA,"No change in policy found.","saudi arabia","no measures"
"Sudan","SDN",20201125,"C5: Close public transport",0,NA,"Interstate and intercity public transportation is fully operational.  Source: http://web.archive.org/web/20201207153107/https://sd.usembassy.gov/covid-19-information/","sudan","no measures"
"Senegal","SEN",20201124,"C5: Close public transport",0,NA,"The Government of Senegal permits public transportation services (taxis and intercity buses) to transport the maximum number of passengers, provided all passengers wear a mask. See https://web.archive.org/web/20201129153752/https://sn.usembassy.gov/covid-19-information/","senegal","no measures"
"Singapore","SGP",20201124,"C5: Close public transport",0,NA,"No restriction on public transport! They are not able to fill in existing running capacity post lockdown.    source: https://web.archive.org/web/20201207184951/https://www.channelnewsasia.com/news/commentary/public-transport-mrt-bus-capacity-breakdown-covid-car-share-13329340","singapore","no measures"
"Solomon Islands","SLB",20201115,"C5: Close public transport",1,"National","No change    Limiting of passenger numbers on public transportation  https://web.archive.org/web/20201129194927/https://www.rnz.co.nz/international/pacific-news/428243/early-childhood-centres-closed-under-new-solomons-covid-restrictions","solomon islands","recommend closing/ significantly reduce volume"
"Sierra Leone","SLE",20201116,"C5: Close public transport",1,"National","As of a recent update on the US embassy website, the government has imposed restrictions on the number of passengers traveling by public transportation. See: https://web.archive.org/web/20201123092033/https://lr.usembassy.gov/covid-19-information/","sierra leone","recommend closing/ significantly reduce volume"
"El Salvador","SLV",20201201,"C5: Close public transport",0,NA,"No updates here as per the US Embassy in El Salvador    https://web.archive.org/web/20201116072312/https://sv.usembassy.gov/covid-19-information/","el salvador","no measures"
"San Marino","SMR",20201130,"C5: Close public transport",0,NA,"no change in policy","san marino","no measures"
"Somalia","SOM",20201129,"C5: Close public transport",0,NA,"No policy change identified following a review of previously used sources and a recent web search.","somalia","no measures"
"Serbia","SRB",20201125,"C5: Close public transport",0,NA,"No policy changes. Additional buses will be added during key times for the new measures from 21 November to 3 December.    https://web.archive.org/web/20201125021135/https://www.b92.net/eng/news/society.php?yyyy=2020&mm=11&dd=24&nav_id=109750    https://web.archive.org/web/20201125022744/https://www.srbija.gov.rs/vest/en/163819/government-passes-new-anti-coronavirus-measures.php    https://web.archive.org/web/20201125021304/https://rs.usembassy.gov/serbia-covid-19-information/","serbia","no measures"
"South Sudan","SSD",20201117,"C5: Close public transport",0,NA,"According to the UK government's website on travel to South Sudan, passengers are required to wear face masks.","south sudan","no measures"
"Suriname","SUR",20201122,"C5: Close public transport",0,NA,"s public transportation operating? Yes  Taxis and buses are available.  Source: http://web.archive.org/web/20201127104810/https://sr.usembassy.gov/covid-19-information/","suriname","no measures"
"Slovakia","SVK",20201201,"C5: Close public transport",0,NA,"No change in policy since November’s extension of the state of emergency, restrictions are expected to continue through the end of the year.    https://web.archive.org/web/20201205232259/https://korona.gov.sk/  https://web.archive.org/web/20201205231632/https://sk.usembassy.gov/covid-19-information/","slovakia","no measures"
"Slovenia","SVN",20201125,"C5: Close public transport",0,NA,"Bus and train service is currently closed as per US embassy in Slovenia, but Taxis and airports are currently open. Last updated on November 25, 2020    https://web.archive.org/web/20201127154941/https://si.usembassy.gov/covid-19-information/","slovenia","no measures"
"Sweden","SWE",20201201,"C5: Close public transport",1,"National","No change: public transportation is operating but services may be limited, both as regards the number of passengers allowed and frequency of departures.     http://web.archive.org/web/20201207171523/https://www.krisinformation.se/en/hazards-and-risks/disasters-and-incidents/2020/official-information-on-the-new-coronavirus/domestic-travel-and-public-transport","sweden","recommend closing/ significantly reduce volume"
"Eswatini","SWZ",20201124,"C5: Close public transport",0,NA,"Vehicles are limited to 50% capacity and masks are required, but they are note closed    https://web.archive.org/save/https://sz.usembassy.gov/covid-19-information/","eswatini","no measures"
"Seychelles","SYC",20201116,"C5: Close public transport",0,NA,"no policy change","seychelles","no measures"
"Syria","SYR",20201202,"C5: Close public transport",1,"National","Unable to find any updates since last week - https://web.archive.org/web/20201201022737/https://reliefweb.int/report/syrian-arab-republic/syrian-arab-republic-covid-19-humanitarian-update-no-21-30-november-2020","syria","recommend closing/ significantly reduce volume"
"Chad","TCD",20201102,"C5: Close public transport",1,"National","No change","chad","recommend closing/ significantly reduce volume"
"Togo","TGO",20201117,"C5: Close public transport",1,"National","Is public transportation operating? Yes  Services continue with reduced passengers. All moto-taxis and their passengers must wear face masks per government decree.  http://web.archive.org/web/20201129090128/https://tg.usembassy.gov/u-s-citizen-services/security-and-travel-information/covid-19/","togo","recommend closing/ significantly reduce volume"
"Thailand","THA",20201122,"C5: Close public transport",1,"National","No updates or changes noted  https://web.archive.org/web/20201129195756/https://thailand.prd.go.th/ewt_news.php?nid=10434&filename=index  https://web.archive.org/web/20201129200850/https://thailand.prd.go.th/more_news.php?cid=2&filename=index","thailand","recommend closing/ significantly reduce volume"
"Tajikistan","TJK",20201107,"C5: Close public transport",0,NA,"No change","tajikistan","no measures"
"Turkmenistan","TKM",20201208,"C5: Close public transport",1,"National","The government continues to limit the services of public transport. It should also be noted that the Turkmenistan government still insists ""no cases of coronavirus infection have been registered in the country to date.""    ""Traffic police check points have been established around major population centres, including Ashgabat, and road users may be subject to temperature screening.""    ""[N]ewspapers report that a COVID-19 test result is required for boarding domestic flights.""    ""Domestic flights remain operational, but with a reduced service. Passengers are subject to temperature checks.""    ""Rail services are suspended.""    http://web-old.archive.org/web/20201208052008/https://www.gov.uk/foreign-travel-advice/turkmenistan/coronavirus    http://web-old.archive.org/web/20201208051714/https://tm.usembassy.gov/covid-19-information/","turkmenistan","recommend closing/ significantly reduce volume"
"Timor-Leste","TLS",20201204,"C5: Close public transport",0,NA,"Public transport is operational.  However, all individuals who have any of the following symptoms – fever greater than 37.5 degrees Celsius, cough, and/or breathing difficulties – are prohibited from boarding buses, ships, or aircrafts and must complete the Mandatory Medical Declaration form. They will be taken to a health facility for COVID-19 testing; positive cases will be subject to therapeutic isolation.    https://web.archive.org/web/20201207150049/https://tl.usembassy.gov/covid-19-information/","timor-leste","no measures"
"Trinidad and Tobago","TTO",20201124,"C5: Close public transport",1,"National","No evident policy change.    http://web.archive.org/web/20201207151101/https://www.covid19.gov.tt/the-public-health-2019-novel-coronavirus-2019-ncov-no-31-regulations-2020/","trinidad and tobago","recommend closing/ significantly reduce volume"
"Tunisia","TUN",20201125,"C5: Close public transport",0,NA,"no changes since last update  https://archive.is/2AeOR ","tunisia","no measures"
"Turkey","TUR",20201202,"C5: Close public transport",1,"National","Busses, ferries, and trains are operating, but there are limits to passenger capacity on buses and all passengers must wear a mask.   Link: https://archive.fo/3dmIF ","turkey","recommend closing/ significantly reduce volume"
"Tanzania","TZA",20201122,"C5: Close public transport",0,NA,"No policy change","tanzania","no measures"
"Uganda","UGA",20201109,"C5: Close public transport",0,NA,"According to the US Embassy in Uganda, public transport is generally allowed at half-capacity and all passengers are required to wear masks.  Please see:   https://web.archive.org/web/20201123004030/https://ug.usembassy.gov/covid-19-information-page/  ","uganda","no measures"
"Ukraine","UKR",20201123,"C5: Close public transport",2,"Regional","No evidence of additional policy changes. Adaptive quarantine in place until December 31 and weekend quarantine continues to November 30.    https://web.archive.org/web/20201125013008/https://www.kmu.gov.ua/en/timeline?type=posts&category_id=13&tag=Healthcare","ukraine","require closing"
"Uruguay","URY",20201117,"C5: Close public transport",0,NA,"Announcement that as of Monday, April 13, the frequencies of collective transport will be doubled in peak hours, to avoid crowds within the units. (04/10/2020)  In the event of a re-emergence of cases in Rivera, inspections will be carried out to ensure strict compliance with the use of masks in transportation. (10/21/2020)    http://web.archive.org/web/20201130031955/https://www.presidencia.gub.uy/comunicacion/comunicacionnoticias/medidas-gobierno-transporte-emergencia-sanitaria-covid19","uruguay","no measures"
"United States of America","USA",20201109,"C5: Close public transport",1,"National","Across the country, public transport is operating but at reduced capacity.   http://web.archive.org/web/20201123194911/https://time.com/5869375/public-transit-coronavirus-covid/","united states of america","recommend closing/ significantly reduce volume"
"Uzbekistan","UZB",20200815,"C5: Close public transport",0,NA,"From 15 August onwards, public transport including buses, minibuses and metro reopens. Passengers are required to wear mask and ensure social distancing. See government telegram channel, https://web.archive.org/web/20201112083526/https://t.me/s/koronavirusinfouz/5657 AND news agency Gazeta article, archived https://web.archive.org/web/20201112083701/https://www.gazeta.uz/ru/2020/08/14/public-transport/","uzbekistan","no measures"
"Venezuela","VEN",20201016,"C5: Close public transport",1,"Regional","Transport remains restricted.","venezuela","recommend closing/ significantly reduce volume"
"Vietnam","VNM",20201117,"C5: Close public transport",0,NA,"""Before any intercity or interstate travel, all passengers using public means of transport (bus, taxi, trains, planes, ships, etc.) must complete an online health declaration (choose “For domestic move declaration”).""    https://web.archive.org/web/20201130194455/https://vn.usembassy.gov/u-s-citizen-services/covid-19-information/","vietnam","no measures"
"Vanuatu","VUT",20201117,"C5: Close public transport",0,NA,"No change in policy.","vanuatu","no measures"
"Yemen","YEM",20201027,"C5: Close public transport",0,NA,"Due to the current internal conflict, increased restrictions and health screenings have been observed at certain transit points. Transit points along land borders are partially open for the entry and exit of passengers. Authorities at Al’Wadeeah land border allow stranded Yemenis to enter Yemen after a temperature check. Sana’a International Airport has reopened for humanitarian flights. no clear policy but any travel is restricted due to the civil war     https://web.archive.org/web/20201029155117/https://displacement.iom.int/yemen       https://displacement.iom.int/system/tdf/reports/20201021_COVID19_DTM%20Yemen%20Mobility%20Restrictions%20Dashboard%20DRAFT_%2314.pdf?file=1&type=node&id=9977 ","yemen","no measures"
"South Africa","ZAF",20201117,"C5: Close public transport",1,"National","Per US embassy, Public rail, minibus taxi, and bus services have resumed at reduced levels subject to social distancing and mandatory use of face masks for passengers and drivers.  Minibus taxis and buses must reduce their maximum licensed passenger seating capacity to 70% a vehicle, e-hailing services that are licensed to carry up to four passengers are limited to carrying 50% of their permissible passenger carrying capacity.  Transport services are required to provide adequate sanitizers for washing of hands of all passengers.  Operators must ensure that their vehicles are sanitised before picking up and after dropping off passengers.  https://web.archive.org/web/20201129221233/https://za.usembassy.gov/covid-19-information-2/","south africa","recommend closing/ significantly reduce volume"
"Zambia","ZMB",20201116,"C5: Close public transport",0,NA,"No new guidance","zambia","no measures"
"Zimbabwe","ZWE",20201030,"C5: Close public transport",1,"National","No policy change - this information is still relevant: https://web.archive.org/web/20201027054244/https://zw.usembassy.gov/covid-19-information-2/","zimbabwe","recommend closing/ significantly reduce volume"
"Taiwan","TWN",20201021,"C5: Close public transport",0,NA,"There is no regulations to restrict public transportation in Taiwan.    https://web.archive.org/web/20201029041803/https://covid19.mohw.gov.tw/ch/cp-4840-53633-205.html","taiwan","no measures"
"Kosovo","RKS",20201129,"C5: Close public transport",1,"National","No change found. ","kosovo","recommend closing/ significantly reduce volume"
