"CountryName","dom_move-CountryCode","dom_move-Date","Domestic Movement","dom_move-PolicyValue","dom_move-Flag","dom_move-Notes","dom_move-region","dom_move-value"
"Aruba","ABW",20200907,"C7: Restrictions on internal movement",0,NA,"No data found","aruba","no measures"
"Afghanistan","AFG",20200826,"C7: Restrictions on internal movement",0,NA,"Lockdown measures are no longer enforced, provincial borders have opened again https://web.archive.org/web/20200904195409/https://www.humanitarianresponse.info/sites/www.humanitarianresponse.info/files/documents/files/afghanistan_covid-19_access_impediment_report_01_jul_-_25_aug_2020.pdf","afghanistan","no measures"
"Angola","AGO",20200929,"C7: Restrictions on internal movement",2,"Regional","Angolan Authorities extended the sanitary restrictions in Luanda until October 8.  Also, the Angolan government requires proof of a negative RT-PCR COVID-19 test for all travel in and out of Luanda Province.  Travellers who cannot show proof of a negative test result are subject to a mandatory 14-day quarantine in a government-run facility. See: https://ao.usembassy.gov/covid-19-information/ [accessed 8th October, 2020, web archive unavailable]? ","angola","restrictions in place"
"Albania","ALB",20200807,"C7: Restrictions on internal movement",0,NA,"""There are currently no restrictions on movement within Albania'     http://web.archive.org/web/20200817080250/https://www.gov.uk/foreign-travel-advice/albania/staying-during-coronavirus","albania","no measures"
"Andorra","AND",20200707,"C7: Restrictions on internal movement",0,NA,"No major changes noted since 07/07/2020","andorra","no measures"
"United Arab Emirates","ARE",20201003,"C7: Restrictions on internal movement",1,"Regional","Internal movement is permitted, but several restrictions apply for different regions. Abu Dhabi has strict restrictions and mandatory actions that have to be carried out to travel there by road.    ""Visitors can travel to Abu Dhabi by road, but must present a negative COVID-19 PCR test or negative laser blood test with results received within 48 hours. Abu Dhabi residents or visitors from outside the Abu Dhabi Emirates who enter Abu Dhabi and stay for more than six consecutive days or more are required to take an additional COVID-19 PCR test on the sixth day.  Travelers arriving into Abu Dhabi are required to wear a GPS bracelet for 14 days. Guidance can change regularly. For additional information about quarantine and travel restrictions for arrivals in Abu Dhabi, please visit Etihad’s website, official Abu Dhabi government sources, and official media sources.""    https://web.archive.org/web/20201010010211/https://ae.usembassy.gov/u-s-citizen-services/covid-19-information/","united arab emirates","recommend not to travel between regions"
"Argentina","ARG",20201001,"C7: Restrictions on internal movement",2,"National","Travel between cities, departments, and provinces is restricted.    The government of Argentina has implemented additional travel restrictions to limit the spread of COVID-19. Only travelers with confirmed international flight reservations may travel from the provinces to the Buenos Aires metro area 24 hours in advance of the flight.    Link: https://web.archive.org/web/20201009214732/https://ar.usembassy.gov/covid-19/","argentina","restrictions in place"
"Australia","AUS",20200828,"C7: Restrictions on internal movement",2,"Regional","Some states have closed borders to states with active cases of coronavirus. Within Victoria, people in metropolitan Melbourne are not allowed to travel further than 5km from their home. ","australia","restrictions in place"
"Austria","AUT",20200917,"C7: Restrictions on internal movement",0,NA,"No policy change","austria","no measures"
"Azerbaijan","AZE",20200929,"C7: Restrictions on internal movement",2,"Regional","The term of the special quarantine regime and the hardened special quarantine regime in the territory of the Republic of Azerbaijan has been extended until 06:00 on November 2, 2020 by the cabinet of ministers.  http://web.archive.org/web/20201007230202if_/https://nk.gov.az/az/article/1073/   ","azerbaijan","restrictions in place"
"Burundi","BDI",20200922,"C7: Restrictions on internal movement",0,NA,"No policy change found","burundi","no measures"
"Belgium","BEL",20200930,"C7: Restrictions on internal movement",0,NA,"""In Belgium  You are allowed to move around freely.  If you are using public transport (bus, tram or train) and are you older than 12 years of age, wear a face mask or a scarf covering your mouth and nose.""    https://web.archive.org/web/20201010013257if_/https://www.info-coronavirus.be/en/faq/#id_6","belgium","no measures"
"Benin","BEN",20200915,"C7: Restrictions on internal movement",1,"National","'Travel within the country should be limited to essential travel only.'  https://web.archive.org/web/20200720145911/https://www.gov.uk/foreign-travel-advice/benin/coronavirus","benin","recommend not to travel between regions"
"Burkina Faso","BFA",20200922,"C7: Restrictions on internal movement",0,NA,"There is no curfew in place in Burkina Faso. There are no restrictions on intercity or interstate travel. See: https://bf.usembassy.gov/u-s-citizen-services/covid-19-information/ [web archive unavailable, accessed 1st October 2020, webpage last updated 25th September 2020]    ","burkina faso","no measures"
"Bangladesh","BGD",20200716,"C7: Restrictions on internal movement",2,"Regional","Restrictions on movements on red zones i.e. zones under lockdown. Source:  http://archive.fo/5fpjF#selection-821.0-821.192","bangladesh","restrictions in place"
"Bulgaria","BGR",20200912,"C7: Restrictions on internal movement",0,NA,"No change","bulgaria","no measures"
"Bahrain","BHR",20200928,"C7: Restrictions on internal movement",0,NA,"No new restriction. ","bahrain","no measures"
"Bosnia and Herzegovina","BIH",20200831,"C7: Restrictions on internal movement",0,NA,"    http://web.archive.org/web/20200829101240/https://ba.usembassy.gov/covid-19-information/","bosnia and herzegovina","no measures"
"Belarus","BLR",20200908,"C7: Restrictions on internal movement",0,NA,"No change in policy found.","belarus","no measures"
"Belize","BLZ",20200929,"C7: Restrictions on internal movement",2,"Regional","There are restrictions on travel to certain communities that are experiencing large COVID-19 outbreaks. See: https://bz.usembassy.gov/covid-19-information/ [accessed 8th October 2020, web archive unavailable]","belize","restrictions in place"
"Bermuda","BMU",20200929,"C7: Restrictions on internal movement",0,NA,"No change","bermuda","no measures"
"Bolivia","BOL",20200921,"C7: Restrictions on internal movement",2,"National","No change in policy found     http://web.archive.org/web/20201001095534/https://www.minsalud.gob.bo/4559-bolivia-iniciara-en-septiembre-la-transicion-hacia-la-fase-pos-confinamiento-y-de-vigilancia-comunitaria","bolivia","restrictions in place"
"Brazil","BRA",20200914,"C7: Restrictions on internal movement",2,"Regional","In BA inter-municipal transportation remains suspended in 114 cities.    Link:  https://web.archive.org/web/20200915025918/https://g1.globo.com/ba/bahia/noticia/2020/09/14/covid-19-governo-da-bahia-libera-transporte-intermunicipal-em-303-cidades-114-seguem-com-atividade-suspensa.ghtml  ","brazil","restrictions in place"
"Barbados","BRB",20200831,"C7: Restrictions on internal movement",0,NA,"No restrictions on intercity or interstate travel.    https://web.archive.org/web/20200910131310/https://bb.usembassy.gov/u-s-citizen-services/covid-19-information/","barbados","no measures"
"Brunei","BRN",20200727,"C7: Restrictions on internal movement",0,NA,"Members of the public are still required to comply with physical distancing guidelines even when businesses and public services return to full operations.  https://web.archive.org/web/20200729111541/https://thescoop.co/2020/07/23/brunei-proceeds-to-final-phase-of-de-escalation-plan-on-july-27/","brunei","no measures"
"Bhutan","BTN",20201012,"C7: Restrictions on internal movement",2,"Regional","https://web.archive.org/web/20201012213728/https://www.gov.bt/covid19/08-10-20-revised-travel-advisory-moh/","bhutan","restrictions in place"
"Botswana","BWA",20201008,"C7: Restrictions on internal movement",2,"National","Botswana is divided into 9 geographical zones and permits are only needed to travel between zones. Residents may travel within their zone without permits.  Permits for inter-zone travel may be acquired online at gov.bw and are restricted to essential travel. COVID-19 tests may be required at any time for those transiting zones.  http://web.archive.org/web/20201009015725/https://bw.usembassy.gov/covid-19-information/   ","botswana","restrictions in place"
"Central African Rep.","CAF",20200915,"C7: Restrictions on internal movement",1,"National","Staying in your home or accommodation is encouraged. Source: http://web.archive.org/web/20200924081638/https://www.gov.uk/foreign-travel-advice/central-african-republic/coronavirus","central african rep.","recommend not to travel between regions"
"Canada","CAN",20200925,"C7: Restrictions on internal movement",2,"Regional","A number of provinces require self-isolation on arrival for 14 days for inter-provincial travel, effectively restricting internal movment. For example, the Atlantic provinces form a ""protective bubble"" but require isolation for anyone outside this bubble. Similar provisions are in place in the Northwestern Territories and Nunavut. https://web.archive.org/web/20200923140549/https://gov.nu.ca/health/information/travel-and-isolation https://web.archive.org/web/20201004132600/https://novascotia.ca/coronavirus/travel/","canada","restrictions in place"
"Switzerland","CHE",20200606,"C7: Restrictions on internal movement",0,NA,"As of 6 June 2020, there are no more restrictions on workplaces.    The only remaining restrictions are on gatherings in public of more than 30 people, events or demonstrations with more than 300 people and sports competition involving close physical contact.  Keeping a distance, wearing a mask and observing hygiene rules still applies    (see http://web.archive.org/web/20200611185821/https://www.bag.admin.ch/bag/en/home/krankheiten/ausbrueche-epidemien-pandemien/aktuelle-ausbrueche-epidemien/novel-cov/massnahmen-des-bundes.html)","switzerland","no measures"
"Chile","CHL",20200908,"C7: Restrictions on internal movement",2,"Regional","Numerous comunas in 24 hour mandatory lockdown; ""For comunas under quarantine, people will be allowed to obtain a permit to leave their residences only under certain circumstances.""; ""In places where sanitary cordons are in place, travelers may be subject to temperature screenings. Travel to or from comunas in quarantine requires a permiso obtained from the Chilean police (see “Quarantine Information” below)""       http://web.archive.org/save/https://cl.usembassy.gov/covid-19-information/","chile","restrictions in place"
"China","CHN",20201010,"C7: Restrictions on internal movement",2,"Regional","From 0:00 on 10 October, any Chinese citizen can leave Ruili without the need to present a valid negative nucleic acid test result. However, foreigners and people entering the Chinese border through Ruili cannot leave except for very limited reason. Ruili still has exit checking points in place.     http://web.archive.org/web/20201010122507/http://www.chinanews.com/sh/2020/10-09/9308805.shtml","china","restrictions in place"
"CÃ´te d'Ivoire","CIV",20200910,"C7: Restrictions on internal movement",0,NA,"No new update. Source: http://web.archive.org/web/20200920142518/https://ci.usembassy.gov/covid-19-information/","cã´te d'ivoire","no measures"
"Cameroon","CMR",20200727,"C7: Restrictions on internal movement",1,"National","The advice remains that travel within the country should be limited to essential travel only. http://archive.today/2020.08.05-014856/https://www.gov.uk/foreign-travel-advice/cameroon/coronavirus","cameroon","recommend not to travel between regions"
"Dem. Rep. Congo","COD",20200924,"C7: Restrictions on internal movement",2,"Regional","No change in policy. Domestic travelers are also required to present a negative COVID-19 test for interprovincial travel.  http://web.archive.org/web/20200928161819/https://cd.usembassy.gov/covid-19-information/","dem. rep. congo","restrictions in place"
"Congo","COG",20200928,"C7: Restrictions on internal movement",0,NA,"""the Public Force was given a mandate to exercise health checks at the entry and exit of all the country's towns.""  http://archive.today/2020.10.01-125311/https://www.vox.cg/2020/09/le-gouvernement-allege-certaines-mesures-contre-la-covid-19/","congo","no measures"
"Colombia","COL",20200919,"C7: Restrictions on internal movement",0,NA,"""Are there restrictions on intercity or interstate travel?   There are no longer national prohibitions on intercity or interstate travel.  However regional and city governments may impose prohibitions or restrictions on a case-by-case basis.  Travel must also comply with biosanitary protocols established by the Ministry of Health. ""  http://web.archive.org/web/20200927082921/https://co.usembassy.gov/covid-19-information/","colombia","no measures"
"Cape Verde","CPV",20200910,"C7: Restrictions on internal movement",0,NA,"Inter-island travel is allowed but you’ll need to complete an online health surveillance form before you embark.  https://web.archive.org/web/20200919065615/https://www.gov.uk/foreign-travel-advice/cape-verde/coronavirus   ","cape verde","no measures"
"Costa Rica","CRI",20200828,"C7: Restrictions on internal movement",0,NA,"As of 14 September, there are no restrictions to interpovincial travel. I flagged this indicator on 3 June after checking with a local source that internal movement was reduced but never restricted in Costa Rica.    http://web.archive.org/web/20200914225148/https://cr.usembassy.gov/es/covid-19-coronavirus-informacion/","costa rica","no measures"
"Cuba","CUB",20200923,"C7: Restrictions on internal movement",2,"National","""Cuban authorities announced on Saturday, September 12, that the additional measures introduced earlier in the month to curb the spread of the coronavirus disease (COVID-19) will be extended until at least October 1. Interprovincial trips remain prohibited, with the exception of cargo and essential supplies, and the curfew in Havana between the hours of 19:00 and 05:00 (local time) has been extended for a further two weeks.""    https://web.archive.org/web/20201004195425/https://www.garda.com/crisis24/news-alerts/385211/cuba-authorities-lift-restrictions-in-havana-september-30-update-15","cuba","restrictions in place"
"Cayman Islands","CYM",20200505,"C7: Restrictions on internal movement",2,"Regional","Restrictions on travelling to Little Cayman and Cayman Brac. No restrictions on internal travel to Grand Cayman (i.e from Little Cayman/Cayman Brac to Grand Cayman).    https://web.archive.org/web/20200807150913/http://gazettes.gov.ky/portal/pls/portal/docs/1/12952547.PDF  https://web.archive.org/web/20200807150926/http://gazettes.gov.ky/portal/pls/portal/docs/1/12952513.PDF  https://web.archive.org/web/20200804084431/https://www.exploregov.ky/government-covid19-policies","cayman islands","restrictions in place"
"Cyprus","CYP",20200909,"C7: Restrictions on internal movement",0,NA,"No change in policy. There are no curfews or movement restrictions in the Republic of Cyprus.  There are no curfews in the Turkish Republic of Northern Cyprus.    http://web.archive.org/web/20200910192821/https://cy.usembassy.gov/covid-19-information/","cyprus","no measures"
"Czech Republic","CZE",20201005,"C7: Restrictions on internal movement",1,"Regional","No change in policy found.","czech republic","recommend not to travel between regions"
"Germany","DEU",20200904,"C7: Restrictions on internal movement",0,NA,"Mecklenburg-Vorpommern allows day tourists from other states again from the 4th of September.    https://web.archive.org/save/https://www.morgenpost.de/vermischtes/article228706533/Corona-Regeln-der-Bundeslaender-im-Ueberblick-Abstandsregeln-Kontaktbeschraenkung.html","germany","no measures"
"Djibouti","DJI",20200822,"C7: Restrictions on internal movement",0,NA,"There are no restrictions on intercity or interstate travel    Source: http://web.archive.org/web/20200902090838/https://dj.usembassy.gov/covid-19-information/","djibouti","no measures"
"Dominica","DMA",20200627,"C7: Restrictions on internal movement",0,NA,"Since businesses, shops, offices, churches, sports facilities and beauty salons are now operating normally without restriction, it could be implied that there are no longer restrictions in place. See: https://web.archive.org/web/20200706194429/https://www.gov.uk/foreign-travel-advice/dominica/coronavirus","dominica","no measures"
"Denmark","DNK",20200924,"C7: Restrictions on internal movement",0,NA,"Movement continues freely within Denmark. Face masks are required on public transport and in taxis across Denmark and the public is asked to avoid travel at peak times.  All public transport in Denmark is undergoing a more stringent cleaning protocol.  http://web.archive.org/web/20200928150225/https://www.visitdenmark.com/denmark/travel-essentials/safe-travel-denmark","denmark","no measures"
"Dominican Republic","DOM",20200912,"C7: Restrictions on internal movement",2,"Regional","There is a curfew in Santo Domingo, and some of the other larger cities and provinces, from Monday through Friday from 7pm to 5am and on Saturdays and Sundays from 5pm to 5am.  In some provinces the curfew is from 8pm to 5am every day.  Full details can be found on https://presidencia.gob.do/ [web archive unavailable, accessed 24th September 2020]","dominican republic","restrictions in place"
"Algeria","DZA",20200910,"C7: Restrictions on internal movement",2,"Regional","Conflicting reports regarding inter-provincial travel in curfew areas. US Embassy in Algeria maintains that domestic travel between provinces where curfews are in place is banned, however, the UK Foreign Office is advising that travel between provinces is 'now permitted' (unable to find exact date that this change occurred).  https://web.archive.org/web/20200910153722/https://www.gov.uk/foreign-travel-advice/algeria/coronavirus  ---  https://web.archive.org/web/20200910162436/https://dz.usembassy.gov/covid-19-information/","algeria","restrictions in place"
"Ecuador","ECU",20200914,"C7: Restrictions on internal movement",0,NA,"On Monday, September 14, authorities lifted the national state of emergency initially declared in March in response to the coronavirus disease (COVID-19) pandemic. Each municipal government will be responsible in determining measures such as maximum capacities for public transport and institutions, operational capacity of private businesses, the circulation of private vehicles against license plate numbers, health prevention protocols for businesses and industries, amongst others.    Individuals are permitted to move freely within the country.    https://web.archive.org/web/20200918194527/https://www.garda.com/crisis24/news-alerts/379341/ecuador-authorities-lift-state-of-emergency-and-additional-restrictions-september-14-update-16    **code change 0 (Previously 1G) as the lifting of the national state of emergency ended restrictions on internal movement around the country including curfews.","ecuador","no measures"
"Egypt","EGY",20200902,"C7: Restrictions on internal movement",2,"National","No change. https://web.archive.org/web/20200912072801/https://eg.usembassy.gov/u-s-citizen-services/covid-19-information/","egypt","restrictions in place"
"Eritrea","ERI",20200929,"C7: Restrictions on internal movement",2,"National","Are there restrictions on intercity or interstate travel? Yes.  Motorized transportation (both public and private) requires government approval. People are free to travel by foot or by bicycle.  Source: http://web.archive.org/web/20200930182811/https://er.usembassy.gov/covid-19-information/","eritrea","restrictions in place"
"Spain","ESP",20200930,"C7: Restrictions on internal movement",2,"Regional","On September 30, the Ministry of Health (Ministerio de Sanidad) announces that the Government and Autonomous Communities (CCAA) stating, ""Populations with more than 100,000 inhabitants that have an incidence of more than 500 cases per 100,000 people in the last 14 days, a positivity of diagnostic tests for active infection greater than 10% and that are in CCAA with an ICU bed occupancy per Covid-19 patients greater than 35% of the usual allocation will have to take special measures.""    Special measures include strict restriction of entry and exit of people from the affected municipalities. Circulation on highways and roads that pass or cross these municipalities will be allowed as long as it has its origin and destination outside of them.    Link:  https://web.archive.org/web/20201005180741/https://www.mscbs.gob.es/gabinete/notasPrensa.do?id=5066    Code remains at 2T as the policy is in place for nince cities or municipalities across the country. ","spain","restrictions in place"
"Estonia","EST",20200818,"C7: Restrictions on internal movement",0,NA,"No new update. Source: http://web.archive.org/web/20200826180648/https://www.visitestonia.com/en/why-estonia/coronavirus-and-travelling-to-estonia","estonia","no measures"
"Ethiopia","ETH",20200821,"C7: Restrictions on internal movement",2,"Regional","""At this time, Tigray requires any person entering the State to quarantine for seven days unless the traveler presents a negative COVID-19 test (PCR and/or serology) taken less than 24 hours prior to the time of arrival.""     https://web.archive.org/web/20200902152715/https://et.usembassy.gov/covid-19-information/","ethiopia","restrictions in place"
"Finland","FIN",20200929,"C7: Restrictions on internal movement",0,NA,"""Are there restrictions on intercity or interstate travel? No.""    http://web.archive.org/web/20201010152854/https://fi.usembassy.gov/covid-19-information/  ","finland","no measures"
"Fiji","FJI",20200717,"C7: Restrictions on internal movement",0,NA,"""Domestic travel is returning to normal"". https://web.archive.org/web/20200727224748/https://www.gov.uk/foreign-travel-advice/fiji/coronavirus","fiji","no measures"
"France","FRA",20200928,"C7: Restrictions on internal movement",1,"Regional","The localisation of COVID responses with different alert zones in different departments is an even stronger recommendation to avoid critical zones.","france","recommend not to travel between regions"
"Gabon","GAB",20200915,"C7: Restrictions on internal movement",2,"Regional","Restrictions on travel within the Grande Libreville area have been lifted. Travel outside Libreville to inland Gabon remains restricted. https://web.archive.org/web/20200923071721/https://www.gov.uk/foreign-travel-advice/gabon/coronavirus","gabon","restrictions in place"
"United Kingdom","GBR",20200925,"C7: Restrictions on internal movement",2,"Regional","People in Llanelli, Cardiff, Swansea, Merthyr Tydfil, Bridgend, Blaenau Gwent,Newport, Rhondda Cynon Taf and Caerphilly are under local lockdowns and should not enter or leave those areas without a reasonable excuse like going to work, unless you can do so from home, or school.    However, as per my flag on Aug 1, I suspect that this does not actually rise to 2T. For the sake of consistency, 2T is maintained, but further review is required.     https://web.archive.org/web/20201004030226/https://www.bbc.com/news/uk-england-52934822","united kingdom","restrictions in place"
"Georgia","GEO",20201001,"C7: Restrictions on internal movement",1,"National","No change.","georgia","recommend not to travel between regions"
"Ghana","GHA",20200803,"C7: Restrictions on internal movement",0,NA,"Domestic flights are permitted to fly https://web.archive.org/web/20200812014307/https://www.gov.uk/foreign-travel-advice/ghana/coronavirus","ghana","no measures"
"Gibraltar","GIB",20200813,"C7: Restrictions on internal movement",0,NA,"No measures in place.","gibraltar","no measures"
"Guinea","GIN",20200915,"C7: Restrictions on internal movement",2,"Regional","'The state of emergency was extended again on 15 September for a period of one month. ... Movement around the country is restricted and a negative COVID test certificate within 14 days of travel outside of Conakry is required.'    https://archive.vn/lYgO1","guinea","restrictions in place"
"Gambia","GMB",20200929,"C7: Restrictions on internal movement",0,NA,"Are there restrictions on intercity or interstate travel? No  Source: http://web.archive.org/web/20201007123755/https://gm.usembassy.gov/u-s-citizen-services/covid-19-information/","gambia","no measures"
"Greece","GRC",20200929,"C7: Restrictions on internal movement",1,"Regional","""Travel in Greece  It is mandatory to wear face-masks on public transport (including flights and ferries), at airports and in taxis.    Travel in a private car or a taxi is limited to a maximum of 3 adult passengers per vehicle, in addition to the driver. Any children in the vehicle do not count towards this limit. When travelling in a taxi, all passengers must wear face-masks.    Travel to and from islands  You may travel throughout Greece, including to the islands.    If you are travelling via ferry, you will need to complete a health questionnaire and hand it to the ferry operator before boarding. The necessary forms will be provided by the operator: you should contact them directly if you need further information. Temperature checks may also be carried out before boarding; and it is obligatory to wear masks on all ferries, including on open air decks, where capacity is limited to allow for social distancing. No celebrations are allowed on board ferries.    If you are travelling by internal (domestic) flights, you are also required to wear masks throughout the journey. Specific measures relating to check-in, baggage allowances and other details are in place to reduce the spread of coronavirus. You should check with your operator directly for further detail.    Since 1 August, cruise ships can dock at Piraeus, Rhodes, Heraklion, Volos, Corfu and Katakolo. After their first docking, the ships may visit any other Greek port on their itinerary. Rules will be kept under review.    Travel by private sailboats (and yachts) is now permitted within Greece. If your vessel is arriving in Greece from another country, you must comply with specific requirements upon your first landing in Greece. No passengers are permitted on the vessel, except for the crew. Upon arrival, you must present to harbour authorities, who will require the completion of a health declaration, and mandatory testing (to be paid for by the occupants of each vessel).""   http://web.archive.org/web/20201011054526/https://www.gov.uk/foreign-travel-advice/greece/coronavirus","greece","recommend not to travel between regions"
"Greenland","GRL",20200731,"C7: Restrictions on internal movement",1,"National","This is likely part of PHASE 2 relaxing of restrictions, which began on the 21st of July. PHASE 2 is valid through 31 December 2020. See: https://visitgreenland.com/articles/corona-virus-status/ (web archive link not working)","greenland","recommend not to travel between regions"
"Guatemala","GTM",20200918,"C7: Restrictions on internal movement",0,NA,"National commercial flights have also been resumed in the country from 18 September.    http://web.archive.org/web/20200921212831/https://www.prensalibre.com/guatemala/comunitario/en-imagenes-a-dos-dias-de-su-reapertura-asi-luce-el-aeropuerto-internacional-la-aurora/","guatemala","no measures"
"Guam","GUM",20200815,"C7: Restrictions on internal movement",1,"National","'Guam residents are strongly discouraged from unnecessary off-island travel to any destination' http://archive.fo/XBZwt","guam","recommend not to travel between regions"
"Guyana","GUY",20201001,"C7: Restrictions on internal movement",2,"Regional","On the 30th of September the Government of Guyana released the Covid Emergency Measures No.10 to  be effective from 1st October to 31st October, 2020. Travel is still restricted for region 7 and 9.  http://web.archive.org/web/20201001040713/https://officialgazette.gov.gy/images/gazette2020/sept/Extra_30SEPTEMBER2020COViD19_10.pdf ","guyana","restrictions in place"
"Hong Kong","HKG",20200806,"C7: Restrictions on internal movement",0,NA,"While there don't seem to be any restrictions on travel within HK, there are restrictions for travel between HK, mainland China and Macao. Interpreting this as 'internal' movement is a sensitive issue due to HK's special administrative status and I'm not sure if I should code it as a ""0"" or ""1"".    ""All border crossings with mainland China remain closed indefinitely, with the exception of the Shenzhen Bay Checkpoint and the Hong Kong-Zhuhai-Macau Bridge. All passengers wanting to board a shuttle bus to cross the bridge departing from Hong Kong to Macau must present a certificate confirming that they have tested negative for COVID-19 within seven days of their departure. The special ferry service between Taipa Ferry Terminal in Macao and Hong Kong International Airport has now ceased operations. All ferry crossings between Hong Kong and mainland China are currently not in operation. Kai Tak Cruise and Ocean Terminals are also closed to passengers indefinitely.""   http://web.archive.org/web/20200824064537/https://www.gov.uk/foreign-travel-advice/hong-kong/entry-requirements","hong kong","no measures"
"Honduras","HND",20200920,"C7: Restrictions on internal movement",2,"National","Movement Restrictions:    Is a curfew in place? Yes  Are there restrictions on intercity or interstate travel? Yes, a letter of safe passage or permission to transit called a salvoconducto is required.  Source: http://web.archive.org/web/20200930104445/https://hn.usembassy.gov/covid-19-information/","honduras","restrictions in place"
"Croatia","HRV",20200907,"C7: Restrictions on internal movement",0,NA,"No restrictions on intercity and interstate travel.    https://web.archive.org/web/20200917135907/https://hr.usembassy.gov/covid-19-information-2/","croatia","no measures"
"Haiti","HTI",20200921,"C7: Restrictions on internal movement",0,NA,"No new update","haiti","no measures"
"Hungary","HUN",20201001,"C7: Restrictions on internal movement",0,NA,"No change.","hungary","no measures"
"Indonesia","IDN",20200929,"C7: Restrictions on internal movement",2,"Regional","Domestic travel has been allowed since May at reduced frequency which is increasing in frequency. All means of travel are required to take strict precautions.     https://web.archive.org/web/20201009072029/https://www.headout.com/post-covid19-travelling-to-indonesia      ","indonesia","restrictions in place"
"India","IND",20200930,"C7: Restrictions on internal movement",2,"Regional","Restriction is imposed in some containment zones, however, there will be no restrictions on inter and intrastate movement of goods and services and no separate approval/e-permit/permission is required.     https://web.archive.org/web/20201013071047/https://covidindia.org/wp-content/uploads/2020/10/MHAOrderDt_30092020.pdf","india","restrictions in place"
"Ireland","IRL",20201007,"C7: Restrictions on internal movement",2,"National","https://web.archive.org/web/*/https://www.gov.ie/en/publication/ad569-level-3/  Stay in your county apart from work, education, medical and other essential purposes, if appropriate.","ireland","restrictions in place"
"Iran","IRN",20201003,"C7: Restrictions on internal movement",2,"National","As of 3rd October, Iran has re-imposed strict measures to tackle COVID19.    ""The restrictions are largely the same as those taken early in the pandemic in Iran, which stopped short of imposing a full lockdown, despite facing the Middle East's deadliest outbreak.""  Early on, there had been a ban in interstate travel in Iran.     http://web.archive.org/web/20201005130402/https://english.alarabiya.net/en/coronavirus/2020/10/04/Coronavirus-Iran-reimposes-restrictive-COVID-19-measures-in-Tehran","iran","restrictions in place"
"Iraq","IRQ",20200910,"C7: Restrictions on internal movement",1,"National","From 10th September, ""the Higher Committee for Health and National Safety, headed by Prime Minister Mustafa al-Kadhimi, has permitted movement of the citizens between provinces""  https://web.archive.org/web/20200910164846/http://www.xinhuanet.com/english/2020-09/10/c_139359134.htm","iraq","recommend not to travel between regions"
"Iceland","ISL",20200914,"C7: Restrictions on internal movement",0,NA,"No restrictions found.    http://web.archive.org/web/20200923145038/https://www.covid.is/sub-categories/what-is-ban-on-public-events  http://web.archive.org/web/20200923145334/https://www.government.is/news/article/2020/09/04/Less-stringent-restrictions-on-gatherings-take-effect-on-7-September/    http://web.archive.org/web/20200923145550/https://www.gov.uk/foreign-travel-advice/iceland/coronavirus","iceland","no measures"
"Israel","ISR",20201010,"C7: Restrictions on internal movement",2,"National","The corona cabinet is expected to meet on Tuesday to discuss relaxing lockdown measures. However, nothing is expected to change until Sunday.    http://web.archive.org/web/20201011140051/https://www.jpost.com/israel-news/coronavirus-israel-readies-for-first-steps-toward-exiting-lockdown-645271    Lockdown tightened in Israel on Friday 25 September amid a rise in infections. Police and roadblocks deployed on highways and at entrances to city to prevent people travelling during lockdown        https://web.archive.org/web/20201001094553/https://www.timesofisrael.com/israels-lockdown-roadblocks-empty-beaches-outdoor-prayers-cyclists-galore/   ","israel","restrictions in place"
"Italy","ITA",20200602,"C7: Restrictions on internal movement",0,NA,"All travel between Italian regions is allowed. The ban was lifted as of the 2nd of June. People can now travel between Italian regions without curfew or restrictions  https://web.archive.org/web/20200523090446/http://www.italia.it/en/useful-info/covid-19-information-and-updates-for-tourists.html","italy","no measures"
"Jamaica","JAM",20200825,"C7: Restrictions on internal movement",2,"National","It is still current that there are restrictions on internal movement in Jamaica. “The time for the island-wide curfew has been brought forward from 11pm to 5am and will now run from  9pm to 5am daily, effective Thursday, August 27”. Source: http://web.archive.org/web/20200906172732/http://www.loopjamaica.com/content/83-new-covid-19-cases-tighter-curfew-hours-all-parishes Also, “St. Catherine, Kingston & St. Andrew, Clarendon and St. Thomas have been placed under separate curfew from 7pm to 5am” and “localised quarantines are in place in some communities in St Thomas [Sandy Bay, Clarendon; Church Corner, St. Thomas]”  Source: http://web.archive.org/web/20200906153601/https://www.gov.uk/foreign-travel-advice/jamaica/coronavirus","jamaica","restrictions in place"
"Jordan","JOR",20200925,"C7: Restrictions on internal movement",0,NA,"https://web.archive.org/web/20201004210111/https://jo.usembassy.gov/covid-19-information/","jordan","no measures"
"Japan","JPN",20200910,"C7: Restrictions on internal movement",1,"Regional","Voluntary restrictions have been loosened again in Tokyo,  but this does not seem to affect travelling.   https://www.japantimes.co.jp/news/2020/09/10/national/tokyo-bars-hours-coronavirus/","japan","recommend not to travel between regions"
"Kazakhstan","KAZ",20201009,"C7: Restrictions on internal movement",2,"Regional","On October 9, Shymkent city administration extended quarantine until October 26 by restricting bus movements between Shymkent and other cities/regions. Link: https://archive.vn/LQ26F","kazakhstan","restrictions in place"
"Kenya","KEN",20200929,"C7: Restrictions on internal movement",2,"National","  ""Are there restrictions on intercity or interstate travel? Yes   Any movement by public transport vehicles into and out of these areas requires transport providers to first acquire mandatory certification from the Ministry of Health, in consultation with the Ministry of Transport.""  https://web.archive.org/web/20201008014524/https://ke.usembassy.gov/covid-19-information/","kenya","restrictions in place"
"Kyrgyzstan","KGZ",20200922,"C7: Restrictions on internal movement",2,"Regional","""Some inter-regional public transport services are suspended.""  http://web.archive.org/web/20201002064209/https://www.gov.uk/foreign-travel-advice/kyrgyzstan/coronavirus","kyrgyzstan","restrictions in place"
"Cambodia","KHM",20200915,"C7: Restrictions on internal movement",0,NA,"No stringent policy on internal movement.","cambodia","no measures"
"South Korea","KOR",20200926,"C7: Restrictions on internal movement",1,"National","The two weeks from September 28 to October 11, when the Chuseok holiday begins, are planned to be set as a special quarantine period for the whole country and strengthen quarantine management in consideration of the high risk aspect. In religious facilities, all religious activities, including worship, mass, and court, should be conducted non-face-to-face, and that all face-to-face meetings, events, and group meals should be refrained.   http://web.archive.org/web/20201003225816/http://ncov.mohw.go.kr/tcmBoardView.do?brdId=&brdGubun=&dataGubun=&ncvContSeq=360146&contSeq=360146&board_id=&gubun=ALL   http://ncov.mohw.go.kr/tcmBoardView.do?brdId=&brdGubun=&dataGubun=&ncvContSeq=359862&contSeq=359862&board_id=&gubun=ALL (link can’t be archived)    ","south korea","recommend not to travel between regions"
"Kuwait","KWT",20200619,"C7: Restrictions on internal movement",2,"Regional","n Thursday, June 18, that the total lockdown in Hawally, Nuqra, Maidan Hawally, and some blocks in Khaitan, will be lifted, although local lockdowns will continue in Farwaniya, Jleeb Al-Shuyoukh, and Mahboula. See: https://web.archive.org/web/20200702171426/https://www.garda.com/crisis24/news-alerts/352171/kuwait-authorities-to-further-ease-covid-19-restrictions-from-june-21-update-20","kuwait","restrictions in place"
"Laos","LAO",20200922,"C7: Restrictions on internal movement",0,NA,"There are no travel restrictions within Laos and taxis, public transport and domestic flights have resumed services.   http://web.archive.org/web/20201001184734/https://www.gov.uk/foreign-travel-advice/laos/coronavirus   ","laos","no measures"
"Lebanon","LBN",20201004,"C7: Restrictions on internal movement",2,"National","Restrictions on internal movement was strengthened: 'From October 4 through 12, the Ministry of Interior has restricted movement and activities in several villages in Lebanon.'    https://archive.vn/YlZ44","lebanon","restrictions in place"
"Liberia","LBR",20200831,"C7: Restrictions on internal movement",0,NA," No curfew in place and no restrictions on intercity or interstate travel. See: https://lr.usembassy.gov/covid-19-information/ (web archive unavailable, accessed 14th September 2020 and the page was last updated on August 24, 2020)","liberia","no measures"
"Libya","LBY",20201004,"C7: Restrictions on internal movement",2,"Regional","Domestic flights have reportedly resumed among cities in the western and eastern cities of the country.  http://web.archive.org/web/20201010160547/https://www.worldaware.com/warning-alert-authorities-libya-maintaining-varied-levels-covid-19-related-restrictions","libya","restrictions in place"
"Sri Lanka","LKA",20200831,"C7: Restrictions on internal movement",0,NA,"There is currently no policy on restrictions on internal movement. Safety measures are guided to passengers using public transport. ""Passengers are advised to queue with a 1m distance at the station. After getting down, hands should be washed for a minimum of 20 seconds"".     See Pulse article, archived: https://archive.fo/Fiv2b","sri lanka","no measures"
"Lesotho","LSO",20201002,"C7: Restrictions on internal movement",1,"National","""Travel by vehicle is permitted only when necessary to obtain goods and services. Restrictions to limit the number of passengers carried have now been lifted but face coverings should still be worn on public transport.""    http://web.archive.org/web/20201012124445/https://www.gov.uk/foreign-travel-advice/lesotho/coronavirus","lesotho","recommend not to travel between regions"
"Lithuania","LTU",20201001,"C7: Restrictions on internal movement",0,NA,"https://web.archive.org/web/20201011195858/https://lrv.lt/en/news/covid-19-related-restrictions-updated-on-8-october-2020.  No change to status since three-month lockdown finished in June.","lithuania","no measures"
"Luxembourg","LUX",20200913,"C7: Restrictions on internal movement",0,NA,"No policy change","luxembourg","no measures"
"Latvia","LVA",20200921,"C7: Restrictions on internal movement",0,NA,"No change.","latvia","no measures"
"Macao","MAC",20200929,"C7: Restrictions on internal movement",0,NA,"No policy change.","macao","no measures"
"Morocco","MAR",20200727,"C7: Restrictions on internal movement",2,"Regional","From midnight on 27 July 2020, Morocco will shut down its major cities (Casablanca, Tangier, Marrakech, Fez and Meknes), meaning that people will not be allowed to travel to and from them (with the exception of those with urgent medical needs, workers with travel permits and the transport of goods). The joint statement made by the Interior and Health ministries explained that these lockdowns have been enforced because Moroccans have not been following guidelines to help prevent the spread of Covid-19 including social distancing, wearing masks and using disinfectants.   https://web.archive.org/web/20200728232524/https://www.france24.com/en/20200727-morocco-shuts-down-major-cities-after-spike-in-covid-19-cases ","morocco","restrictions in place"
"Moldova","MDA",20200717,"C7: Restrictions on internal movement",0,NA,"No local travel restrictions in Moldova. https://web.archive.org/web/20200727230419/https://www.gov.uk/foreign-travel-advice/moldova/coronavirus","moldova","no measures"
"Madagascar","MDG",20201001,"C7: Restrictions on internal movement",2,"Regional","Domestic flights have resumed, with passengers required to provide evidence of a negative COVID-19 PCR test result from within 48 hours prior to their departure.    https://web.archive.org/web/20201012213846/https://www.imf.org/en/Topics/imf-and-covid19/Policy-Responses-to-COVID-19    https://web.archive.org/web/20201012214310/https://www.garda.com/crisis24/news-alerts/386456/madagascar-covid-19-curfew-lifted-as-state-of-health-emergency-extended-until-october-18-update-18","madagascar","restrictions in place"
"Mexico","MEX",20200918,"C7: Restrictions on internal movement",2,"Regional","Interstate and intercity restrictions apply to some areas.    http://web.archive.org/web/20200927195013/https://mx.usembassy.gov/u-s-citizen-services/covid-19-information/    ","mexico","restrictions in place"
"Mali","MLI",20200915,"C7: Restrictions on internal movement",0,NA,"No restrictions on interstate and intercity travel  https://web.archive.org/web/20200924144234/https://ml.usembassy.gov/covid-19-information/","mali","no measures"
"Myanmar","MMR",20201005,"C7: Restrictions on internal movement",2,"Regional","On 5th October, the Ministry of Health and Sports issued an order for the Stay-at-Home programme which had expanded to cover people in all townships, except for Cocogyun Township.   http://web.archive.org/web/20201006153325/https://eurocham-myanmar.org/post/652/Announcement-on-Stay-at-Home-Programme-on-All-Township-Except-for-Cocogyun-Township   http://web.archive.org/web/20201006150824/https://eurocham-myanmar.org/uploads/39cff-stay-at-home-for-all-township-except-cocogyun-township-eng-ver.pdf ","myanmar","restrictions in place"
"Mongolia","MNG",20200918,"C7: Restrictions on internal movement",0,NA,"According to the WHO COVID-19 situation report for Mongolia #20: 18 September 2020, Mongolia has lifted all the internal travel restrictions. Source:    http://web.archive.org/web/20201001213134/https://www.who.int/mongolia/emergencies/coronavirus-disease-(covid-19)-in-mongolia/covid-19-situation-reports-in-the-mongolia","mongolia","no measures"
"Mozambique","MOZ",20200807,"C7: Restrictions on internal movement",2,"National","The Mozambican government has declared a national State of Emergency, which will remain in place until 30 September. These regulations have imposed restrictions on movement across international borders and within the country.https://web.archive.org/web/20200816123245/https://www.gov.uk/foreign-travel-advice/mozambique/coronavirus","mozambique","restrictions in place"
"Mauritania","MRT",20200925,"C7: Restrictions on internal movement",0,NA,"Travel advisories indicate that internal boundaries within Mauritania do not face travel restrictions.  https://web.archive.org/web/20201007023236/https://www.gov.uk/foreign-travel-advice/mauritania/coronavirus","mauritania","no measures"
"Mauritius","MUS",20200826,"C7: Restrictions on internal movement",0,NA,"There are no restrictions on intercity or interstate travel.    Source: http://web.archive.org/web/20200904193637/https://mu.usembassy.gov/covid-19-information/","mauritius","no measures"
"Malawi","MWI",20200918,"C7: Restrictions on internal movement",0,NA,"Travel in Malawi  Public transport continues to operate throughout Malawi with some restrictions and coronavirus precautionary measures in place. Face coverings have been advised in public, but are not mandatory.  Source: http://web.archive.org/web/20200926163915/https://www.gov.uk/foreign-travel-advice/malawi/coronavirus","malawi","no measures"
"Malaysia","MYS",20200929,"C7: Restrictions on internal movement",2,"Regional","Malaysia on Monday (Sep 28) said it will impose strict movement restrictions in four districts in Sabah after reporting more than 1,000 COVID-19 infections there in September. Defence Minister Ismail Sabri Yaakob said that as part of efforts to contain the outbreak, non-essential businesses in Lahad Datu, Tawau, Kunak and Semporna districts will be required to shut down from Tuesday Sept. 29th for 14 days.  During the Targeted Enhanced Movement Control Order (TEMCO), all residents are prohibited from leaving the affected areas, and non-residents and visitors are not allowed to enter the four districts.   http://web.archive.org/web/20201001202740/https://www.channelnewsasia.com/news/asia/sabah-malaysia-covid-19-restriction-temco-13156076   ","malaysia","restrictions in place"
"Namibia","NAM",20200904,"C7: Restrictions on internal movement",2,"Regional","'Travel into and out of the Windhoek, Okahandja, and Rehoboth Local Authority Areas is restricted to those with emergency permits only.'  https://web.archive.org/save/https://na.usembassy.gov/covid-19-information/","namibia","restrictions in place"
"Niger","NER",20201002,"C7: Restrictions on internal movement",1,"National","Recommendation by Niger government on heir Covid19 site. ""Stay at home, avoid unnecessary travel and meetings  social services and cancel non-essential travel. Especially avoid close contact with someone showing symptoms of the disease. Keep a distance of at least one to two meters from anyone who is at risk of projecting respiratory droplets.""  https://web.archive.org/web/20201011195903/https://coronavirus.ne/","niger","recommend not to travel between regions"
"Nigeria","NGA",20200925,"C7: Restrictions on internal movement",1,"National","No new update","nigeria","recommend not to travel between regions"
"Nicaragua","NIC",20200907,"C7: Restrictions on internal movement",0,NA,"No change in policy found","nicaragua","no measures"
"Netherlands","NLD",20200929,"C7: Restrictions on internal movement",1,"National","During a national press conference, Prime Minister Mark Rutte and Minister of Health Hugo de Jonge announced new national measures that come into effect on Tuesday 29 September at 18.00 and will be in force for at least the next 3 weeks.  The new measures include:  - Advice is to ""keep travel to a minimum.""    Hence, upgraded to 1G.   https://web.archive.org/web/20201008115110/https://www.government.nl/topics/coronavirus-covid-19/news/2020/09/28/additional-measures-to-combat-the-spread-of-coronavirus  ","netherlands","recommend not to travel between regions"
"Norway","NOR",20201003,"C7: Restrictions on internal movement",0,NA,"""You can travel freely in Norway if you can avoid spreading the infection. We all share the responsibility to follow the advice for infection control.    To travel in a way that will prevent you from spreading the infection means that you:    Do not travel if you are ill, nor to a holiday property.  Maintain good hand and cough hygiene.  Keep at least one metre distance to others not considered to be your closest contacts.""    http://web.archive.org/web/20201005121649/https://www.helsenorge.no/koronavirus/reise/","norway","no measures"
"Nepal","NPL",20200916,"C7: Restrictions on internal movement",2,"National","Some long-distance public transport are allowed to operate after September 16.    https://archive.vn/aRG9f","nepal","restrictions in place"
"New Zealand","NZL",20200929,"C7: Restrictions on internal movement",0,NA,"Travel regions that are at Alert Level 2 or lower (no region in the country is at level 3 or above).    Source: http://web.archive.org/web/20201007093514/https://covid19.govt.nz/alert-system/alert-level-2/","new zealand","no measures"
"Oman","OMN",20200927,"C7: Restrictions on internal movement",2,"Regional","'Following the approval from the Supreme Committee tasked with tackling developments resulting from Covid-19, the government decided to resume public transport services in a phased manner starting from September 27.' The first phase is the resumption of inter-city services.    https://archive.vn/bxZFG    https://archive.vn/24dMv","oman","restrictions in place"
"Pakistan","PAK",20200918,"C7: Restrictions on internal movement",0,NA,"Instructions for Passengers  • Cooperate with airline staff and follow instructions  • Wear your facemask at all times while in plane  • Do not change your seating plan and only occupy the seat allotted by the airline authority  • Inform the cabin crew if feeling unwell    http://web.archive.org/web/20200906174221/http://covid.gov.pk/new_guidelines/31August2020_20200830_Guidelines_for_Domestic_Air_Travel_2903.pdf","pakistan","no measures"
"Panama","PAN",20200925,"C7: Restrictions on internal movement",2,"Regional","It is expected that restrictions will be over on the 12th of October     /web/20201008234249/https://www.presidencia.gob.pa/Noticias/Gobierno-Nacional-promulga-decreto-que-autoriza-reactivacion-de-actividades-economicas-y-movilizacion-de-personas","panama","restrictions in place"
"Peru","PER",20200828,"C7: Restrictions on internal movement",2,"Regional","On the 28th August 2020 the Peruvian Government announced that national emergency would continue until 30th September 2020. This includes the regulations relating to restrictions on internal movements in particularly badly affected locations.     Link: https://web.archive.org/web/20200907171925/https://medicalxpress.com/news/2020-08-peru-coronavirus-state-emergency.html","peru","restrictions in place"
"Philippines","PHL",20201001,"C7: Restrictions on internal movement",2,"Regional","No change in policy found.","philippines","restrictions in place"
"Papua New Guinea","PNG",20200925,"C7: Restrictions on internal movement",0,NA,"Travel by air, foot, vehicle and vessel between Provinces, unless otherwise restricted by the Controller shall not be restricted.    https://web.archive.org/save/https://covid19.info.gov.pg/files/National%20Pandemic%20Measures/Pandemic%20Measures%2005102020/M%203%20Oct%202020.pdf","papua new guinea","no measures"
"Poland","POL",20200929,"C7: Restrictions on internal movement",0,NA,"For further coding: this is going to change from Saturday (10.10.2020) onwards:  https://www.reuters.com/article/idUSW8N2EZ01G","poland","no measures"
"Puerto Rico","PRI",20200821,"C7: Restrictions on internal movement",0,NA,"I couldn't find specific information on internal movement restrictions. However, it seems that travel to other cities/areas in the Island is allowed.","puerto rico","no measures"
"Portugal","PRT",20200918,"C7: Restrictions on internal movement",0,NA,"Movement Restrictions:    Is a curfew in place? No.  Are there restrictions on intercity or interstate travel? No.  Source: http://web.archive.org/web/20201001120548/https://pt.usembassy.gov/covid-19-information/","portugal","no measures"
"Paraguay","PRY",20200825,"C7: Restrictions on internal movement",2,"National","Curfew?is?from 20:00 to 05:00 every day of the week with the exception of activities specifically excluded in the decree (restaurants, emergency services, essential services, etc.). Source: http://web.archive.org/web/20200902145858/https://py.usembassy.gov/covid-19-information-2/  ","paraguay","restrictions in place"
"Palestine","PSE",20201007,"C7: Restrictions on internal movement",2,"Regional","In Gaza, as part of the lockdown imposed since late August, travel between governorates remains largely prohibited.     However, movement in the less affected areas within individual governorates, designated as ‘green’ and ‘yellow’, is allowed between 07:00 and 20:00.    http://web.archive.org/web/20201007214447/https://www.ochaopt.org/content/covid-19-emergency-situation-report-18","palestine","restrictions in place"
"Qatar","QAT",20200705,"C7: Restrictions on internal movement",1,"National","Qatar entered phase 2 of lifting restrictions on the 1st of July, no changes in policies of phase 2. Latest update on the 28th of June:    https://web.archive.org/web/20200711102953/https://www.gco.gov.qa/en/top-news/statement-by-the-supreme-committee-for-crisis-management-regarding-phase-2-of-the-plan-for-the-gradual-lifting-of-covid-19-restrictions/  ","qatar","recommend not to travel between regions"
"Romania","ROU",20200601,"C7: Restrictions on internal movement",0,NA,"Romanians will be able to travel between cities without restrictions.  https://web.archive.org/web/20200608102012/https://www.reuters.com/article/us-health-coronavirus-romania/romania-to-further-ease-lockdown-restrictions-from-june-1-idUSKBN23423F","romania","no measures"
"Russia","RUS",20201002,"C7: Restrictions on internal movement",0,NA,"There are no curfews in place and there are no restrictions on intercity or interstate travel. See: https://ru.usembassy.gov/covid-19-information/ [accessed 12th October 2020, web archive unavailable, webpage last updated 6th October 2020]","russia","no measures"
"Rwanda","RWA",20200925,"C7: Restrictions on internal movement",1,"National","Public transport between Kigali - the capital city - and other provinces, as well as to and from Rusizi - a river - shall resume.was resumed on 25 September.    https://archive.vn/EQxdV","rwanda","recommend not to travel between regions"
"Saudi Arabia","SAU",20200821,"C7: Restrictions on internal movement",0,NA,"No change.   https://web.archive.org/web/20200831223228/https://sa.usembassy.gov/u-s-citizen-services/covid-19-information/","saudi arabia","no measures"
"Sudan","SDN",20200925,"C7: Restrictions on internal movement",0,NA,"Interstate and intercity public transportation is fully operational.  Link: https://web.archive.org/web/20201008003833/https://sd.usembassy.gov/covid-19-information/","sudan","no measures"
"Senegal","SEN",20200918,"C7: Restrictions on internal movement",0,NA,"""There is no restriction on travel between regions, and authorisation is not needed to travel between regions. Internal flights have also restarted""   http://web.archive.org/web/20200927111512/https://www.gov.uk/foreign-travel-advice/senegal/coronavirus","senegal","no measures"
"Singapore","SGP",20200804,"C7: Restrictions on internal movement",0,NA,"No new update.","singapore","no measures"
"Solomon Islands","SLB",20200812,"C7: Restrictions on internal movement",1,"Regional","No new update.","solomon islands","recommend not to travel between regions"
"Sierra Leone","SLE",20200901,"C7: Restrictions on internal movement",0,NA,"No change in policy was found.","sierra leone","no measures"
"El Salvador","SLV",20200930,"C7: Restrictions on internal movement",1,"Regional","Possible movement restrictions of indeterminate duration in and out of municipalities with high positivity rates might be in place. Outside these municipalities there are no restrictions. ""The Salvadoran Ministry of Health can place municipalities under special quarantine with little or no prior notice when a high number of COVID-19 cases is detected.""    Source: http://web.archive.org/web/20201010100434/https://sv.usembassy.gov/covid-19-information/    ","el salvador","recommend not to travel between regions"
"San Marino","SMR",20200915,"C7: Restrictions on internal movement",0,NA,"No change","san marino","no measures"
"Somalia","SOM",20200925,"C7: Restrictions on internal movement",2,"National","https://web.archive.org/web/*/https://www.gov.uk/foreign-travel-advice/somalia/entry-requirements  Curfew in place ","somalia","restrictions in place"
"Serbia","SRB",20201001,"C7: Restrictions on internal movement",1,"National","No change in policy: https://web.archive.org/save/https://www.srbija.gov.rs/news/section.php?id=151926&start=0","serbia","recommend not to travel between regions"
"South Sudan","SSD",20200922,"C7: Restrictions on internal movement",0,NA,"Are there restrictions on intercity or interstate travel? No.    https://web.archive.org/web/20201007083020/https://sd.usembassy.gov/covid-19-information/","south sudan","no measures"
"Suriname","SUR",20200915,"C7: Restrictions on internal movement",0,NA,"There are no restrictions on intercity or interstate travel.    Source: http://web.archive.org/web/20200923123510/https://sr.usembassy.gov/covid-19-information","suriname","no measures"
"Slovakia","SVK",20200925,"C7: Restrictions on internal movement",1,"Regional","No policy change","slovakia","recommend not to travel between regions"
"Slovenia","SVN",20200930,"C7: Restrictions on internal movement",0,NA,"In the coming days, the Government will present the action plan approved today to deal with the second wave of the COVID-19 epidemic. Announcement of measures still outstanding. https://web.archive.org/web/20201001183331/https://www.gov.si/en/news/in-the-coming-days-the-government-will-present-the-action-plan-approved-today-to-deal-with-the-second-wave-of-the-covid-19-epidemic/","slovenia","no measures"
"Sweden","SWE",20200922,"C7: Restrictions on internal movement",0,NA,"http://web.archive.org/web/*/https://www.krisinformation.se/en/hazards-and-risks/disasters-and-incidents/2020/official-information-on-the-new-coronavirus/domestic-travel-and-public-transport","sweden","no measures"
"Eswatini","SWZ",20201001,"C7: Restrictions on internal movement",1,"National","There are roadblocks between cities where temperatures are checked. If a vehicle is carrying more than 50 percent of its allowed capacity passengers may be asked to disembark. Other than that, previous recommendation still in place. https://web.archive.org/web/20201008123737/https://sz.usembassy.gov/covid-19-information/","eswatini","recommend not to travel between regions"
"Seychelles","SYC",20200814,"C7: Restrictions on internal movement",0,NA,"Still current, http://web.archive.org/web/20200823153159/https://www.gov.uk/foreign-travel-advice/seychelles/coronavirus","seychelles","no measures"
"Syria","SYR",20201003,"C7: Restrictions on internal movement",0,NA,"The travel ban between and within governorates remains lifted.    Source: http://web.archive.org/web/20201007145248/https://reliefweb.int/sites/reliefweb.int/files/resources/finala_covid_response_update_no._11_.pdf","syria","no measures"
"Turks and Caicos Islands","TCA",20200828,"C7: Restrictions on internal movement",2,"National","From 28 August 2020 to 5:00 a.m. on 15 September 2020, no person shall offer for hire or seek to travel on any interisland private or commercial air or sea transport that is non- essential, provided that an airline or a boat shall reduce the number of persons traveling on interisland transportation to permit physical distancing.    Legal Notice 91  https://web.archive.org/web/20200901154507/https://www.gov.tc/moh/coronavirus/regulations","turks and caicos islands","restrictions in place"
"Chad","TCD",20200918,"C7: Restrictions on internal movement",2,"Regional","According to the UK embassy website, there are quarantine measures in the capital N’Djamena and provincial capitals, banning entry and exit.  http://web.archive.org/web/20200928015636/https://www.gov.uk/foreign-travel-advice/chad/coronavirus   ","chad","restrictions in place"
"Togo","TGO",20200829,"C7: Restrictions on internal movement",1,"Regional","""Is public transportation operating? [Yes]""     ""Is a curfew in place? [Yes]    On July 9, the Government lifted the curfew that was put in place on April 1.    Source: Covid-19.gouv  Are there restrictions on intercity or interstate travel? [Yes]    On August 24, the Government of Togo imposed a curfew in Sokodé (211 miles north of Lomé) and in the neighboring cities of Tchamba (19 miles east of Sokodé) and Adjengré (27 miles south). These measures are intended to limit a possible spread of COVID-19 cases in those locations following an increase in cases there. All land border crossings with Ghana, Burkina Faso and Benin remain closed. If you reside outside of Togo in West Africa,  please contact the U.S. Embassy in your country for assistance. For a detailed list of the flights available in country, visit our COVID-19 page.""    Source: http://web.archive.org/web/20200913222242/https://tg.usembassy.gov/u-s-citizen-services/security-and-travel-information/covid-19/","togo","recommend not to travel between regions"
"Thailand","THA",20200922,"C7: Restrictions on internal movement",1,"National","There is no curfew in place or restrictions on intercity or interstate travel. See: https://th.usembassy.gov/u-s-citizen-services/covid-19-information/ [accessed 5 October 2020, webpage last updated on 1 October 2020, web archive unavailable]","thailand","recommend not to travel between regions"
"Tajikistan","TJK",20200908,"C7: Restrictions on internal movement",0,NA,"There are no restrictions on intercity or interstate travel. See: https://tj.usembassy.gov/covid-19-information/ (web archive no available, page updated last on September 3, accessed 17th September 2020)","tajikistan","no measures"
"Turkmenistan","TKM",20201001,"C7: Restrictions on internal movement",2,"Regional","""There are restrictions on road travel within Turkmenistan. All road borders are closed. The International Seaport of Turkmenistan at Turkmenbashi is closed to passenger traffic.""  ""Traffic police check points have been established around major population centres, including Ashgabat, and road users may be subject to temperature screening.""  Link: http://archive.today/2020.10.01-165250/https://www.gov.uk/foreign-travel-advice/turkmenistan/coronavirus","turkmenistan","restrictions in place"
"Timor-Leste","TLS",20200820,"C7: Restrictions on internal movement",0,NA,"No Restrictions    https://web.archive.org/web/20200831010604/https://tl.usembassy.gov/covid-19-information/","timor-leste","no measures"
"Trinidad and Tobago","TTO",20200912,"C7: Restrictions on internal movement",2,"Regional","As announced at the Prime Minister's Media Conference on 12th September 2020, air and sea bridge Transportation to Tobago remain limited to essential activities until October 11th 2020  http://web.archive.org/web/20200924204456/https://www.opm.gov.tt/prime-ministers-media-conference-saturday-12th-september-2020/ ","trinidad and tobago","restrictions in place"
"Tunisia","TUN",20200926,"C7: Restrictions on internal movement",0,NA,"No restrictions on intercity or interstate travel.    https://web.archive.org/web/20201007114252/https://tn.usembassy.gov/covid-19-information/","tunisia","no measures"
"Turkey","TUR",20200923,"C7: Restrictions on internal movement",2,"National","""Turkish citizens and residents must request a HES (Hayat Eve Sigar) Code for domestic and international flights, train and ferry travel. As of 30 September the HES code will also be required when checking into accommodation including hotels, motels, boarding houses, pensions, camps etc. Some provinces also require submission of a HES code upon entry to public buildings and banks. This does not apply to foreign tourists. This can be done through the e-Devlet system, the ‘Hayat Eve Sigar’ smartphone application and by SMS.""    http://web.archive.org/web/20201005125912/https://www.gov.uk/foreign-travel-advice/turkey/coronavirus    ","turkey","restrictions in place"
"Tanzania","TZA",20200917,"C7: Restrictions on internal movement",0,NA,"According to the IMF website, effective June 1, 2020, the authorities allowed the opening of upper-secondary and tertiary schools and the resumption of sport activities and events. On June 29, 2020 all other educational institutions reopened. As a result, all the restrictions due to Covid-19 have been lifted by July 2020.  http://web.archive.org/web/20200928023258/https://www.imf.org/en/Topics/imf-and-covid19/Policy-Responses-to-COVID-19   ","tanzania","no measures"
"Uganda","UGA",20200926,"C7: Restrictions on internal movement",2,"National","No new policy in place","uganda","restrictions in place"
"Ukraine","UKR",20200907,"C7: Restrictions on internal movement",2,"Regional","On Sept. 7, the Health Ministry expanded the list of cities and areas with the red, or highest, level of COVID-19 threat. Among them are such cities as Ivano-Frankivsk, Kolomyya, and Kalush in Ivano-Frankivsk Oblast; Ternopil, Berezhany, and Chortkiv in Ternopil Oblast; and Chernivtsi.  https://web.archive.org/web/20200907104152/https://www.kyivpost.com/ukraine-politics/covid-19-in-ukraine-2174-new-infections-31-dead-72585-active-cases.html","ukraine","restrictions in place"
"Uruguay","URY",20200724,"C7: Restrictions on internal movement",0,NA,"Still current ","uruguay","no measures"
"United States of America","USA",20200929,"C7: Restrictions on internal movement",2,"Regional","States like New York continue to require visitors from other states with high caseloads to quarantine upon arrival. At latest count, 35 other states are on New York's quarantine list.  https://web.archive.org/web/20201011231808/https://coronavirus.health.ny.gov/covid-19-travel-advisory","united states of america","restrictions in place"
"Uzbekistan","UZB",20200924,"C7: Restrictions on internal movement",1,"National","Note: There is still no curfew in place and very few restrictions on intercity or interstate travel. See: https://uz.usembassy.gov/covid-19-information/ [accessed 5 October 2020, web archive unavailable]","uzbekistan","recommend not to travel between regions"
"Venezuela","VEN",20200823,"C7: Restrictions on internal movement",2,"National","""Domestic and international regular commercial flights are meant to progressively re-start from 13 September 2020 onwards."".     Link: https://web.archive.org/web/20200903132143/https://www.gov.uk/foreign-travel-advice/venezuela/coronavirus","venezuela","restrictions in place"
"British Virgin Islands","VGB",20200821,"C7: Restrictions on internal movement",2,"National","Honourable Malone stated that the movement of vessels within Territorial waters is restricted except for approved fisherfolk and intra-island ferries with the exception of those traveling to and from Anegada. In addition, aircrafts will also be restricted unless approved to enter or leave Anegada from August 21 to August 28 and an island-wide testing will be held during that period.     https://web.archive.org/web/20200901150525/https://bvi.gov.vg/media-centre/new-curfew-imposed-bvi-after-reports-new-covid-19-cases","british virgin islands","restrictions in place"
"Vietnam","VNM",20200926,"C7: Restrictions on internal movement",1,"Regional","Public transport, interstate transport, and domestic flights are also limited.   Public transport services will be suspended while transport from region to region will be minimized except for essential services","vietnam","recommend not to travel between regions"
"Vanuatu","VUT",20200923,"C7: Restrictions on internal movement",0,NA,"No change.","vanuatu","no measures"
"Yemen","YEM",20200929,"C7: Restrictions on internal movement",2,"Regional","It seems like there are also measures in place with this indicator: authorities across Yemen have introduced a range of measures. These include curfews, movement restrictions. However, some governorates started lifting the curfew but precautionary measures remain in place. See: https://www.imf.org/en/Topics/imf-and-covid19/Policy-Responses-to-COVID-19; also, https://www.gov.uk/foreign-travel-advice/yemen/coronavirus [accessed 12 October 2020, web archive unavailable]","yemen","restrictions in place"
"South Africa","ZAF",20200928,"C7: Restrictions on internal movement",0,NA,"No policy change","south africa","no measures"
"Zambia","ZMB",20200926,"C7: Restrictions on internal movement",0,NA,"Movement Restrictions:    Is a curfew in place? No  Are there restrictions on intercity or interstate travel? No  Source: http://web.archive.org/web/20201004153230/https://zm.usembassy.gov/covid-19-information-2/","zambia","no measures"
"Zimbabwe","ZWE",20200923,"C7: Restrictions on internal movement",2,"National","Whilst the border remains closed (except for returning Zimbabwean nationals and permit holders), Zimbabwe’s state-owned Air Zimbabwe resumed its domestic commercial flights on 23 September.    https://archive.vn/HO4yH","zimbabwe","restrictions in place"
"Taiwan","TWN",20200326,"C7: Restrictions on internal movement",0,NA,"No formal measures or restrictions placed, but ahead of Tom Sweeping festival Taiwan is imposing safety measures such as temperature measurement and icnreased disinfection on internal transportation. https://web.archive.org/web/20200327190831/https://focustaiwan.tw/society/202003270007","taiwan","no measures"
"Kosovo","RKS",20200908,"C7: Restrictions on internal movement",0,NA,"No policy found. ","kosovo","no measures"
"Anguilla","AIA",20200901,"C7: Restrictions on internal movement",0,NA,"No evidence of a change in policy on government websites (no new cases have been identified).","anguilla","no measures"
"Falkland Islands","FLK",20200901,"C7: Restrictions on internal movement",0,NA,"No changes in measures published on government COVID-19 website.    https://web.archive.org/web/20200927181612/https://fig.gov.fk/covid-19/","falkland islands","no measures"
"Montserrat","MSR",20200701,"C7: Restrictions on internal movement",0,NA,"All measures lifted.     https://web.archive.org/save/https://www.gov.ms/2020/06/30/curfew-lifted-as-government-continues-to-ease-covid-19-restrictions/","montserrat","no measures"
